ほおずき市,9548,10950,-14624,名,*,*,*,*,*,*,ホオズキイチ,*
待ち伏せる,13018,14300,-14624,動,*,*,*,*,*,*,マチブセル,*
冷た,1443,14658,5376,形,*,*,*,*,*,*,ツメタ,*
大会社,6812,546,-14624,名,*,*,*,*,*,*,ダイガイシャ,*
の中と,7185,3581,-14624,名,*,*,*,*,*,*,ノナカト,*
気に入っ,7562,12834,-14624,動,*,*,*,*,*,*,キニイッ,*
立ち入っ,7562,12834,-14624,動,*,*,*,*,*,*,タチイッ,*
見入っ,7562,12834,-14624,動,*,*,*,*,*,*,ミイッ,*
気に入る,7562,12834,-14624,動,*,*,*,*,*,*,キニイル,*
飛び入る,7562,12834,-14624,動,*,*,*,*,*,*,トビイル,*
踏み入る,7562,12834,-14624,動,*,*,*,*,*,*,フミイル,*
風,3176,11151,8376,名,*,*,*,*,*,*,カゼ,*
あめ玉,5299,2410,8376,感,*,*,*,*,*,*,アメダマ,*
辛,6991,7849,11376,形,*,*,*,*,*,*,カラ,*
衣,523,6980,9376,名,*,*,*,*,*,*,コロモ,*
筑紫丘,523,6980,-14624,名,*,*,*,*,*,*,チクシガオカ,*
いなり寿司,14187,5041,8376,助,*,*,*,*,*,*,イナリズシ,*
水道町,5765,1340,-14624,名,*,*,*,*,*,*,スイドウチョウ,*
注い,4982,2355,10376,名,*,*,*,*,*,*,ソソイ,*
注ぐ,1358,14860,8376,動,*,*,*,*,*,*,ソソグ,*
本当,6812,546,-14624,名,*,*,*,*,*,*,ホントウ,*
中城,10490,14712,-624,名,*,*,*,*,*,*,ナカグスク,*
南通り,4043,7183,8376,名,*,*,*,*,*,*,ミナミドオリ,*
空,9548,10950,9376,名,*,*,*,*,*,*,ソラ,*
昆布,523,6980,-14624,名,*,*,*,*,*,*,コンブ,*
注が,9840,9169,9376,動,*,*,*,*,*,*,ソソガ,*
奥深,7034,11383,15376,名,*,*,*,*,*,*,オクブカ,*
良,523,6980,10376,名,*,*,*,*,*,*,ヨ,*
つまづい,5479,8578,8376,助,*,*,*,*,*,*,ツマヅイ,*
言う,4807,3398,8376,動,*,*,*,*,*,*,イウ,*
花園,6812,546,9376,名,*,*,*,*,*,*,ハナゾノ,*
水道管,9173,15317,2376,名,*,*,*,*,*,*,スイドウカン,*
原野,4043,7183,9376,名,*,*,*,*,*,*,ゲンヤ,*
北通り,8763,8729,8376,名,*,*,*,*,*,*,キタドオリ,*
渡輪,1797,8325,-14624,名,*,*,*,*,*,*,トリン,*
春吉,9001,4471,-14624,名,*,*,*,*,*,*,ハルキチ,*
街中,5342,8584,-14624,名,*,*,*,*,*,*,マチナカ,*
物語っ,4309,13209,-14624,動,*,*,*,*,*,*,モノガタッ,*
酔っ,3783,10877,11376,名,*,*,*,*,*,*,ヨッ,*
一日,10543,11543,-14624,名,*,*,*,*,*,*,イチニチ,*
一日中,10543,11543,-14624,名,*,*,*,*,*,*,イチニチジュウ,*
酒売り,9173,15317,8376,名,*,*,*,*,*,*,サカウリ,*
染みる,6792,1910,8376,接,*,*,*,*,*,*,シミル,*
苦,523,6980,10376,名,*,*,*,*,*,*,ニガ,*
分間,6812,546,-14624,名,*,*,*,*,*,*,フンカン,*
一杯,382,11760,-14624,副,*,*,*,*,*,*,イッパイ,*
おやつ代わり,9992,10941,-14624,接,*,*,*,*,*,*,オヤツガワリ,*
力強い,4191,4189,8376,形,*,*,*,*,*,*,チカラヅヨイ,*
日向,1797,8325,7376,名,*,*,*,*,*,*,ヒナタ,*
飼い,14195,13539,10376,接,*,*,*,*,*,*,カイ,*
愛おし,523,6980,9376,名,*,*,*,*,*,*,イトオシ,*
好か,15042,396,13376,接,*,*,*,*,*,*,スカ,*
ハッカソン中,7034,8325,-14624,名,*,*,*,*,*,*,ハッカソンチュウ,*
はっかそん中,8081,8325,-14624,名,*,*,*,*,*,*,ハッカソンチュウ,*
を行っ,14171,4490,-24624,名,*,*,*,*,*,*,ヲオコナッ,*
しっかり行っ,12048,4490,-24624,名,*,*,*,*,*,*,シッカリオコナッ,*
ちゃんと行っ,2463,4490,-24624,名,*,*,*,*,*,*,チャントオコナッ,*
よく行っ,4777,4490,-24624,名,*,*,*,*,*,*,ヨクオコナッ,*
きちんと行っ,13107,4490,-24624,名,*,*,*,*,*,*,キチントオコナッ,*
博多みやこ路,8763,12392,-14624,名,*,*,*,*,*,*,ハカタミヤコジ,*
レモン水,3771,15317,-14624,名,*,*,*,*,*,*,レモンスイ,*
ソーダ水,429,15317,-14624,名,*,*,*,*,*,*,ソーダスイ,*
うどんの素,6812,12392,-14624,名,*,*,*,*,*,*,ウドンノモト,*
おにぎりの素,15210,12392,-14624,名,*,*,*,*,*,*,オニギリノモト,*
なすびの素,1498,12392,-14624,名,*,*,*,*,*,*,ナスビノモト,*
世界中,10691,8325,-14624,名,*,*,*,*,*,*,セカイジュウ,*
イベント中,10973,8325,-14624,名,*,*,*,*,*,*,イベントチュウ,*
春日部,8763,8729,-24624,名,*,*,*,*,*,*,カスカベ,*
春日局,2378,4978,-24624,名,*,*,*,*,*,*,カスガノツボネ,*
他の,13621,8693,-14624,名,*,*,*,*,*,*,ホカノ,*
香椎宮祭,8763,2745,-14624,名,*,*,*,*,*,*,カシイグウサイ,*
おにぎり箱,15210,15317,-14624,名,*,*,*,*,*,*,オニギリバコ,*
弁当箱,3148,15317,-14624,名,*,*,*,*,*,*,ベントウバコ,*
居酒屋,8377,14297,-24624,名,*,*,*,*,*,*,イザカヤ,*
他は,13621,10537,-14624,名,*,*,*,*,*,*,ホカハ,*
他に,13621,8841,-14624,名,*,*,*,*,*,*,ホカニ,*
他で,13621,11365,-14624,名,*,*,*,*,*,*,ホカデ,*
重ね,11211,2893,11376,名,*,*,*,*,*,*,カサネ,*
愛犬,523,8584,-14624,名,*,*,*,*,*,*,アイケン,*
番犬,383,8584,-14624,名,*,*,*,*,*,*,バンケン,*
入れ,9173,15317,9376,名,*,*,*,*,*,*,イレ,*
大通,10897,9126,8376,名,*,*,*,*,*,*,オオドオリ,*
天満宮,523,6980,8376,名,*,*,*,*,*,*,テンマングウ,*
御目見え,3395,7669,8376,接,*,*,*,*,*,*,オメミエ,*
私,12113,3579,6376,代,*,*,*,*,*,*,ワタシ,*
境内,3566,13259,8376,名,*,*,*,*,*,*,ケイダイ,*
富士山,6414,2720,5376,接,*,*,*,*,*,*,フジサン,*
他まで,13621,9949,-14624,名,*,*,*,*,*,*,ホカマデ,*
最終日,15042,396,3376,接,*,*,*,*,*,*,サイシュウビ,*
山椒,6812,546,8376,名,*,*,*,*,*,*,サンショウ,*
瞬い,8838,7026,9376,動,*,*,*,*,*,*,マタタイ,*
瞬く,14574,9974,9376,動,*,*,*,*,*,*,マタタク,*
朝日,1797,8325,5376,名,*,*,*,*,*,*,アサヒ,*
和菓子,1118,2745,-14624,名,*,*,*,*,*,*,ワガシ,*
洋菓子,1118,2745,-14624,名,*,*,*,*,*,*,ヨウガシ,*
駄菓子,1118,2745,-14624,名,*,*,*,*,*,*,ダガシ,*
焼き菓子,1118,2745,-14624,名,*,*,*,*,*,*,ヤキガシ,*
茶菓子,1118,2745,-14624,名,*,*,*,*,*,*,チャガシ,*
綿菓子,1118,2745,-14624,名,*,*,*,*,*,*,ワタガシ,*
文庫本,1118,2745,-14624,名,*,*,*,*,*,*,ブンコボン,*
発売日,1118,2745,-14624,名,*,*,*,*,*,*,ハツバイビ,*
誕生日,1118,2745,-14624,名,*,*,*,*,*,*,タンジョウビ,*
花畑,1118,2745,8376,名,*,*,*,*,*,*,ハナバタケ,*
葡萄畑,1118,2745,-14624,名,*,*,*,*,*,*,ブドウバタケ,*
搭乗口,1118,2745,-14624,名,*,*,*,*,*,*,トウジョウグチ,*
改札口,1118,2745,-14624,名,*,*,*,*,*,*,カイサツグチ,*
登山靴,1118,2745,-14624,名,*,*,*,*,*,*,トザングツ,*
腕時計,1118,2745,-14624,名,*,*,*,*,*,*,ウデドケイ,*
目覚まし時計,1118,2745,-14624,名,*,*,*,*,*,*,メザマシドケイ,*
座布団,1118,2745,-14624,名,*,*,*,*,*,*,ザブトン,*
露天風呂,1118,2745,-14624,名,*,*,*,*,*,*,ロテンブロ,*
引退試合,1118,2745,-14624,名,*,*,*,*,*,*,インタイジアイ,*
飛行機雲,1118,2745,-14624,名,*,*,*,*,*,*,ヒコウキグモ,*
一番星,1118,2745,-14624,名,*,*,*,*,*,*,イチバンボシ,*
七草粥,1118,2745,-14624,名,*,*,*,*,*,*,ナナクサガユ,*
彼岸花,1118,2745,-14624,名,*,*,*,*,*,*,ヒガンバナ,*
貯金箱,1118,2745,-14624,名,*,*,*,*,*,*,チョキンバコ,*
物干し竿,1118,2745,-14624,名,*,*,*,*,*,*,モノホシザオ,*
入れ歯,1118,2745,-14624,名,*,*,*,*,*,*,イレバ,*
寒稽古,1118,2745,-14624,名,*,*,*,*,*,*,カンゲイコ,*
障子紙,1118,2745,-14624,名,*,*,*,*,*,*,ショウジガミ,*
稽古場,1118,2745,-14624,名,*,*,*,*,*,*,ケイコバ,*
陰陽師,1118,2745,-14624,名,*,*,*,*,*,*,オンミョウジ,*
灯籠,1118,2745,-14624,名,*,*,*,*,*,*,トウロウ,*
半紙,1118,2745,-14624,名,*,*,*,*,*,*,ハンシ,*
詰め替え,1118,2745,-14624,名,*,*,*,*,*,*,ツメカエ,*
腕立て伏せ,1118,2745,-14624,名,*,*,*,*,*,*,ウデタテフセ,*
自由形,1118,2745,-14624,名,*,*,*,*,*,*,ジユウガタ,*
小麦粉,1118,2745,-14624,名,*,*,*,*,*,*,コムギコ,*
強力粉,1118,2745,-14624,名,*,*,*,*,*,*,キョウリキコ,*
洗濯物,1118,2745,-14624,名,*,*,*,*,*,*,センタクモノ,*
噴火口,1118,2745,-14624,名,*,*,*,*,*,*,フンカコウ,*
定置網,1118,2745,-14624,名,*,*,*,*,*,*,テイチアミ,*
柚子湯,1118,2745,-14624,名,*,*,*,*,*,*,ユズユ,*
菖蒲湯,1118,2745,-14624,名,*,*,*,*,*,*,ショウブユ,*
大掃除,1118,2745,-14624,名,*,*,*,*,*,*,オオソウジ,*
家中,1118,2745,-14624,名,*,*,*,*,*,*,イエジュウ,*
雪道,1118,2745,-14624,名,*,*,*,*,*,*,ユキミチ,*
赤道,1118,2745,-14624,名,*,*,*,*,*,*,セキドウ,*
光合成,1118,2745,-14624,名,*,*,*,*,*,*,コウゴウセイ,*
二足歩行,1118,2745,-14624,名,*,*,*,*,*,*,ニソクホコウ,*
泥団子,1118,2745,-14624,名,*,*,*,*,*,*,ドロダンゴ,*
歌合戦,1118,2745,-14624,名,*,*,*,*,*,*,ウタガッセン,*
日記帳,1118,2745,-14624,名,*,*,*,*,*,*,ニッキチョウ,*
樽,1118,2745,8376,名,*,*,*,*,*,*,タル,*
土器,1118,2745,8376,名,*,*,*,*,*,*,ドキ,*
手水舎,1118,2745,-14624,名,*,*,*,*,*,*,チョウズヤ,*
番号札,1118,2745,-14624,名,*,*,*,*,*,*,バンゴウフダ,*
海月,1118,2745,8376,名,*,*,*,*,*,*,クラゲ,*
燕,1118,2745,8376,名,*,*,*,*,*,*,ツバメ,*
蟷螂,1118,2745,-14624,名,*,*,*,*,*,*,カマキリ,*
凧,1118,2745,8376,名,*,*,*,*,*,*,タコ,*
独楽,1118,2745,8376,名,*,*,*,*,*,*,コマ,*
舞妓,1118,2745,8376,名,*,*,*,*,*,*,マイコ,*
八岐大蛇,1118,2745,-14624,名,*,*,*,*,*,*,ヤマタノオロチ,*
天照大神,1118,2745,-14624,名,*,*,*,*,*,*,アマテラスオオミカミ,*
座敷童,1118,2745,-14624,名,*,*,*,*,*,*,ザシキワラシ,*
十二単,1118,2745,-14624,名,*,*,*,*,*,*,ジュウニヒトエ,*
三線,1118,2745,-14624,名,*,*,*,*,*,*,サンシン,*
清水寺,1118,2745,-14624,名,*,*,*,*,*,*,キヨミズデラ,*
黒石,1118,2745,-14624,名,*,*,*,*,*,*,クロイシ,*
三日月,1118,2745,-14624,名,*,*,*,*,*,*,ミカヅキ,*
八つ橋,1118,2745,-14624,名,*,*,*,*,*,*,ヤツハシ,*
一晩,1118,2745,-14624,名,*,*,*,*,*,*,ヒトバン,*
一打,1118,2745,8376,名,*,*,*,*,*,*,イチダ,*
一片,1118,2745,-14624,名,*,*,*,*,*,*,イッペン,*
一眼レフ,1118,2745,-14624,名,*,*,*,*,*,*,イチガンレフ,*
二重跳び,1118,2745,-14624,名,*,*,*,*,*,*,ニジュウトビ,*
一度,1118,2745,-14624,名,*,*,*,*,*,*,イチド,*
二足,1118,2745,-14624,名,*,*,*,*,*,*,ニソク,*
九回,1118,2745,-14624,名,*,*,*,*,*,*,キュウカイ,*
飛車,1118,2745,8376,名,*,*,*,*,*,*,ヒシャ,*
何より,4713,13388,-14624,副,*,*,*,*,*,*,ナニヨリ,*
何気なく,4713,13388,-14624,副,*,*,*,*,*,*,ナニゲナク,*
いつの間にか,4713,13388,-14624,副,*,*,*,*,*,*,イツノマニカ,*
搾る,7829,12166,-14624,動,*,*,*,*,*,*,シボル,*
軽々と,4713,13388,-14624,副,*,*,*,*,*,*,カルガルト,*
日本,5025,3263,2000,名,*,*,*,*,*,*,ニホン,*
月曜日,1118,2745,-14624,名,*,*,*,*,*,*,ゲツヨウビ,*
火曜日,1118,2745,-14624,名,*,*,*,*,*,*,カヨウビ,*
水曜日,1118,2745,-14624,名,*,*,*,*,*,*,スイヨウビ,*
木曜日,1118,2745,-14624,名,*,*,*,*,*,*,モクヨウビ,*
金曜日,1118,2745,-14624,名,*,*,*,*,*,*,キンヨウビ,*
土曜日,1118,2745,-14624,名,*,*,*,*,*,*,ドヨウビ,*
日曜日,1118,2745,-14624,名,*,*,*,*,*,*,ニチヨウビ,*
何か,11538,13187,-14624,代,*,*,*,*,*,*,ナニカ,*
何を,11538,13187,-14624,代,*,*,*,*,*,*,ナニヲ,*
何も,11538,13187,-14624,代,*,*,*,*,*,*,ナニモ,*
何が,11538,13187,-14624,代,*,*,*,*,*,*,ナニガ,*
何時,5942,3989,2000,代,*,*,*,*,*,*,ナンジ,*
何時頃,5942,3989,-14624,代,*,*,*,*,*,*,ナンジゴロ,*
何時何時,5942,3989,-14624,代,*,*,*,*,*,*,イツイツ,*
柴犬,9548,10950,-14624,名,*,*,*,*,*,*,シバイヌ,*
白熊,9548,10950,-14624,名,*,*,*,*,*,*,シロクマ,*
北極熊,9548,10950,-14624,名,*,*,*,*,*,*,ホッキョクグマ,*
日米,9548,10950,-14624,名,*,*,*,*,*,*,ニチベイ,*
そば粉,9548,10950,-14624,名,*,*,*,*,*,*,ソバコ,*
芳男,9548,10950,8376,名,*,*,*,*,*,*,ヨシオ,*
良雄,9548,10950,8376,名,*,*,*,*,*,*,ヨシオ,*
