# user-lex.csv の棚卸し（#41・#47、reports/2026-10-user-lex-cleanup.md）。列: 変更, 表層, 読み, 元のコスト, 新しいコスト, 監査表（user-lex-audit-2026-10.tsv）の分類, 理由
削除	かき氷	かきごおり	-14624		v3 で不要（接続表の偏りの穴埋め）	外しても読みが変わらない
削除	夜空	よぞら	-14624		v3 で不要（接続表の偏りの穴埋め）	外しても読みが変わらない
削除	背中	せなか	-14624		v3 で不要（接続表の偏りの穴埋め）	外しても読みが変わらない
削除	提灯	ちょうちん	-14624		v3 で不要（今の辞書でも単独では同じ読み）	外しても読みが変わらない
削除	大会	たいかい	-14624		v3 で不要（接続表の偏りの穴埋め）	外しても読みが変わらない
削除	屋台	やたい	-14624		v3 で不要（今の辞書でも単独では同じ読み）	外すと直る: 名古屋台地→めいこやたいち
削除	金魚	きんぎょ	-14624		v3 で不要（今の辞書でも単独では同じ読み）	外しても読みが変わらない
削除	牛乳	ぎゅうにゅう	-14624		v3 で不要（接続表の偏りの穴埋め）	外しても読みが変わらない
削除	職人	しょくにん	-14624		v3 で不要（接続表の偏りの穴埋め）	外しても読みが変わらない
削除	海図	かいず	-14624		v3 で不要（接続表の偏りの穴埋め）	外しても読みが変わらない
削除	通過	つうか	2376		v3 で不要（今の辞書でも単独では同じ読み）	外しても読みが変わらない
削除	人波	ひとなみ	-14624		v3 で不要（今の辞書でも単独では同じ読み）	外しても読みが変わらない
削除	荷物	にもつ	-14624		v3 で不要（今の辞書でも単独では同じ読み）	外しても読みが変わらない
削除	線香花火	せんこうはなび	-14624		v3 で不要（接続表の偏りの穴埋め）	外しても読みが変わらない
削除	買っ	かっ	-14624		v3 で不要（接続表の偏りの穴埋め）	外しても読みが変わらない
削除	追って	おって	-14624		v3 で不要（接続表の偏りの穴埋め）	外しても読みが変わらない
削除	追った	おった	-14624		v3 で不要（接続表の偏りの穴埋め）	外しても読みが変わらない
削除	浸かっ	つかっ	-14624		v3 で不要（接続表の偏りの穴埋め）	外しても読みが変わらない
削除	拾って	ひろって	-14624		v3 で不要（接続表の偏りの穴埋め）	外しても読みが変わらない
削除	拾った	ひろった	-14624		v3 で不要（今の辞書でも単独では同じ読み）	外しても読みが変わらない
削除	光っ	ひかっ	-14624		v3 でも必要	巻き込み1語（#47）。文の中では行なしでも同じ読み
削除	駆ける	かける	11376		v3 で不要（接続表の偏りの穴埋め）	外しても読みが変わらない
削除	閉まる	しまる	-14624		v3 で不要（接続表の偏りの穴埋め）	外しても読みが変わらない
削除	香る	かおる	-14624		v3 で不要（接続表の偏りの穴埋め）	外しても読みが変わらない
削除	な	な	12876		v3 で不要（今の辞書でも単独では同じ読み）	外しても読みが変わらない
削除	無い	ない	7376		v3 で不要（今の辞書でも単独では同じ読み）	外しても読みが変わらない
削除	楽し	たのし	-4624		v3 で不要（接続表の偏りの穴埋め）	外すと直る: 楽しく時を→たのしくじを（#41）
削除	星	ほし	8376		v3 で不要（接続表の偏りの穴埋め）	外しても読みが変わらない
削除	港	みなと	8376		v3 で不要（今の辞書でも単独では同じ読み）	外しても読みが変わらない
削除	殺し	ころし	9376		v3 で不要（接続表の偏りの穴埋め）	外しても読みが変わらない
削除	直し	なおし	10376		v3 で不要（今の辞書でも単独では同じ読み）	外しても読みが変わらない
削除	空港	くうこう	-14624		v3 で不要（接続表の偏りの穴埋め）	外しても読みが変わらない
削除	閉まり	しまり	8376		v3 で不要（接続表の偏りの穴埋め）	外しても読みが変わらない
削除	閉まっ	しまっ	-14624		v3 で不要（接続表の偏りの穴埋め）	外しても読みが変わらない
削除	泣く	なく	15376		v3 で不要（接続表の偏りの穴埋め）	外しても読みが変わらない
削除	聞き	きき	8376		v3 で不要（接続表の偏りの穴埋め）	外しても読みが変わらない
削除	の中で	のなかで	-14624		v3 で不要（接続表の偏りの穴埋め）	外しても読みが変わらない
削除	の中に	のなかに	-14624		v3 で不要（接続表の偏りの穴埋め）	外しても読みが変わらない
削除	の中を	のなかを	-14624		v3 で不要（接続表の偏りの穴埋め）	外しても読みが変わらない
削除	の中は	のなかは	-14624		v3 で不要（接続表の偏りの穴埋め）	外しても読みが変わらない
削除	の中が	のなかが	-14624		v3 で不要（接続表の偏りの穴埋め）	外しても読みが変わらない
削除	の中も	のなかも	-14624		v3 で不要（接続表の偏りの穴埋め）	外しても読みが変わらない
削除	の中の	のなかの	-14624		v3 で不要（接続表の偏りの穴埋め）	外しても読みが変わらない
削除	の中から	のなかから	-14624		v3 で不要（今の辞書でも単独では同じ読み）	外しても読みが変わらない
削除	の中まで	のなかまで	-14624		v3 で不要（接続表の偏りの穴埋め）	外しても読みが変わらない
削除	の中だ	のなかだ	-14624		v3 で不要（今の辞書でも単独では同じ読み）	外しても読みが変わらない
削除	な中で	ななかで	-14624		v3 で不要（接続表の偏りの穴埋め）	外しても読みが変わらない
削除	な中に	ななかに	-14624		v3 で不要（接続表の偏りの穴埋め）	外しても読みが変わらない
削除	な中を	ななかを	-14624		v3 で不要（接続表の偏りの穴埋め）	外しても読みが変わらない
削除	な中は	ななかは	-14624		v3 で不要（接続表の偏りの穴埋め）	外しても読みが変わらない
削除	な中が	ななかが	-14624		v3 で不要（接続表の偏りの穴埋め）	外しても読みが変わらない
削除	な中も	ななかも	-14624		v3 で不要（接続表の偏りの穴埋め）	外しても読みが変わらない
削除	な中と	ななかと	-14624		v3 で不要（接続表の偏りの穴埋め）	外しても読みが変わらない
削除	な中の	ななかの	-14624		v3 で不要（接続表の偏りの穴埋め）	外しても読みが変わらない
削除	な中から	ななかから	-14624		v3 で不要（接続表の偏りの穴埋め）	外しても読みが変わらない
削除	な中まで	ななかまで	-14624		v3 で不要（接続表の偏りの穴埋め）	外しても読みが変わらない
削除	な中だ	ななかだ	-14624		v3 で不要（接続表の偏りの穴埋め）	外しても読みが変わらない
削除	入って	はいって	-14624		v3 で不要（接続表の偏りの穴埋め）	外しても読みが変わらない
削除	入った	はいった	-14624		v3 で不要（今の辞書でも単独では同じ読み）	外しても読みが変わらない
削除	飛び入っ	とびいっ	-14624		v3 で不要（今の辞書でも単独では同じ読み）	外しても読みが変わらない
削除	割り入っ	わりいっ	-14624		v3 で不要（今の辞書でも単独では同じ読み）	外しても読みが変わらない
削除	折り入っ	おりいっ	-14624		v3 で不要（今の辞書でも単独では同じ読み）	外しても読みが変わらない
削除	買い入っ	かいいっ	-14624		v3 で不要（接続表の偏りの穴埋め）	外しても読みが変わらない
削除	食い入っ	くいいっ	-14624		v3 で不要（接続表の偏りの穴埋め）	外しても読みが変わらない
削除	込み入っ	こみいっ	-14624		v3 で不要（今の辞書でも単独では同じ読み）	外しても読みが変わらない
削除	踏み入っ	ふみいっ	-14624		v3 で不要（今の辞書でも単独では同じ読み）	外しても読みが変わらない
削除	聞き入っ	ききいっ	-14624		v3 で不要（今の辞書でも単独では同じ読み）	外しても読みが変わらない
削除	溶け入っ	とけいっ	-14624		v3 で不要（今の辞書でも単独では同じ読み）	外しても読みが変わらない
削除	差し入っ	さしいっ	-14624		v3 で不要（今の辞書でも単独では同じ読み）	外しても読みが変わらない
削除	迎え入っ	むかえいっ	-14624		v3 で不要（接続表の偏りの穴埋め）	外しても読みが変わらない
削除	取り入っ	とりいっ	-14624		v3 で不要（今の辞書でも単独では同じ読み）	外しても読みが変わらない
削除	引き入っ	ひきいっ	-14624		v3 で不要（今の辞書でも単独では同じ読み）	外しても読みが変わらない
削除	投げ入っ	なげいっ	-14624		v3 で不要（接続表の偏りの穴埋め）	外しても読みが変わらない
削除	付け入っ	つけいっ	-14624		v3 で不要（接続表の偏りの穴埋め）	外しても読みが変わらない
削除	打ち入っ	うちいっ	-14624		v3 で不要（接続表の偏りの穴埋め）	外しても読みが変わらない
削除	縫い入っ	ぬいいっ	-14624		v3 で不要（接続表の偏りの穴埋め）	外しても読みが変わらない
削除	思い入っ	おもいいっ	-14624		v3 で不要（今の辞書でも単独では同じ読み）	外しても読みが変わらない
削除	迷い入っ	まよいいっ	-14624		v3 で不要（今の辞書でも単独では同じ読み）	外しても読みが変わらない
削除	盛り入っ	もりいっ	-14624		v3 で不要（接続表の偏りの穴埋め）	外しても読みが変わらない
削除	寝入っ	ねいっ	-14624		v3 で不要（今の辞書でも単独では同じ読み）	外しても読みが変わらない
削除	勢い入っ	いきおいいっ	-14624		v3 で不要（今の辞書でも単独では同じ読み）	外しても読みが変わらない
削除	近寄り入っ	ちかよりいっ	-14624		v3 で不要（接続表の偏りの穴埋め）	外しても読みが変わらない
削除	立ち入る	たちいる	-14624		v3 で不要（今の辞書でも単独では同じ読み）	外しても読みが変わらない
削除	折り入る	おりいる	-14624		v3 で不要（今の辞書でも単独では同じ読み）	外しても読みが変わらない
削除	食い入る	くいいる	-14624		v3 で不要（今の辞書でも単独では同じ読み）	外しても読みが変わらない
削除	込み入る	こみいる	-14624		v3 で不要（今の辞書でも単独では同じ読み）	外しても読みが変わらない
削除	聞き入る	ききいる	-14624		v3 で不要（今の辞書でも単独では同じ読み）	外しても読みが変わらない
削除	見入る	みいる	-14624		v3 で不要（今の辞書でも単独では同じ読み）	外しても読みが変わらない
削除	溶け入る	とけいる	-14624		v3 で不要（今の辞書でも単独では同じ読み）	外しても読みが変わらない
削除	取り入る	とりいる	-14624		v3 で不要（接続表の偏りの穴埋め）	外しても読みが変わらない
削除	引き入る	ひきいる	-14624		v3 で不要（今の辞書でも単独では同じ読み）	外しても読みが変わらない
削除	付け入る	つけいる	-14624		v3 で不要（接続表の偏りの穴埋め）	外しても読みが変わらない
削除	思い入る	おもいいる	-14624		v3 で不要（今の辞書でも単独では同じ読み）	外しても読みが変わらない
削除	迷い入る	まよいいる	-14624		v3 で不要（今の辞書でも単独では同じ読み）	外しても読みが変わらない
削除	寝入る	ねいる	-14624		v3 で不要（今の辞書でも単独では同じ読み）	外しても読みが変わらない
削除	筑紫野	ちくしの	-14624		v3 で不要（接続表の偏りの穴埋め）	外しても読みが変わらない
削除	多く	おおく	8376		v3 で不要（今の辞書でも単独では同じ読み）	外しても読みが変わらない
削除	花	はな	9376		v3 で不要（接続表の偏りの穴埋め）	外しても読みが変わらない
削除	飛ぶ	とぶ	8376		v3 で不要（今の辞書でも単独では同じ読み）	外しても読みが変わらない
削除	触れ	ふれ	7376		v3 で不要（今の辞書でも単独では同じ読み）	外しても読みが変わらない
削除	海苔	のり	9376		v3 で不要（接続表の偏りの穴埋め）	外しても読みが変わらない
削除	弁当	べんとう	-14624		v3 で不要（今の辞書でも単独では同じ読み）	外しても読みが変わらない
削除	薬院	やくいん	-14624		v3 で不要（接続表の偏りの穴埋め）	外しても読みが変わらない
削除	駅前	えきまえ	-14624		v3 で不要（接続表の偏りの穴埋め）	外しても読みが変わらない
削除	姿勢	しせい	-14624		v3 で不要（今の辞書でも単独では同じ読み）	外しても読みが変わらない
削除	問わ	とわ	8376		v3 で不要（接続表の偏りの穴埋め）	外しても読みが変わらない
削除	売っ	うっ	9376		v3 で不要（接続表の偏りの穴埋め）	外しても読みが変わらない
削除	犬を	いぬを	-14624		v3 で不要（今の辞書でも単独では同じ読み）	外しても読みが変わらない
削除	犬に	いぬに	-14624		v3 で不要（今の辞書でも単独では同じ読み）	外しても読みが変わらない
削除	犬の	いぬの	-14624		v3 で不要（今の辞書でも単独では同じ読み）	外すと直る: 大型犬の・小型室内犬の→〜いぬの
削除	犬も	いぬも	-14624		v3 で不要（今の辞書でも単独では同じ読み）	外しても読みが変わらない
削除	犬で	いぬで	-14624		v3 で不要（今の辞書でも単独では同じ読み）	外すと直る: 狩猟犬で・愛玩犬で→〜いぬで
削除	犬へ	いぬへ	-14624		v3 で不要（今の辞書でも単独では同じ読み）	外しても読みが変わらない
削除	犬から	いぬから	-14624		v3 で不要（今の辞書でも単独では同じ読み）	外しても読みが変わらない
削除	犬まで	いぬまで	-14624		v3 で不要（今の辞書でも単独では同じ読み）	外しても読みが変わらない
削除	夢	ゆめ	11376		v3 で不要（今の辞書でも単独では同じ読み）	外しても読みが変わらない
削除	熊を	くまを	-14624		v3 で不要（接続表の偏りの穴埋め）	外しても読みが変わらない
削除	熊に	くまに	-14624		v3 で不要（接続表の偏りの穴埋め）	外しても読みが変わらない
削除	熊の	くまの	-14624		v3 で不要（接続表の偏りの穴埋め）	外しても読みが変わらない
削除	熊は	くまは	-14624		v3 で不要（接続表の偏りの穴埋め）	外しても読みが変わらない
削除	熊も	くまも	-14624		v3 で不要（接続表の偏りの穴埋め）	外しても読みが変わらない
削除	熊と	くまと	-14624		v3 で不要（接続表の偏りの穴埋め）	外しても読みが変わらない
削除	熊で	くまで	-14624		v3 で不要（接続表の偏りの穴埋め）	外しても読みが変わらない
削除	熊へ	くまへ	-14624		v3 で不要（接続表の偏りの穴埋め）	外しても読みが変わらない
削除	熊から	くまから	-14624		v3 で不要（接続表の偏りの穴埋め）	外しても読みが変わらない
削除	熊まで	くままで	-14624		v3 で不要（接続表の偏りの穴埋め）	外しても読みが変わらない
削除	実現	じつげん	-14624		v3 で不要（今の辞書でも単独では同じ読み）	外しても読みが変わらない
削除	合っ	あっ	10376		v3 で不要（接続表の偏りの穴埋め）	外しても読みが変わらない
削除	中洲	なかす	-14624		v3 で不要（接続表の偏りの穴埋め）	外しても読みが変わらない
削除	花火	はなび	-14624		v3 で不要（今の辞書でも単独では同じ読み）	外しても読みが変わらない
削除	上がる	あがる	10376		v3 で不要（接続表の偏りの穴埋め）	外しても読みが変わらない
削除	解決	かいけつ	-14624		v3 で不要（今の辞書でも単独では同じ読み）	外しても読みが変わらない
削除	良い	よい	8376		v3 で不要（今の辞書でも単独では同じ読み）	外しても読みが変わらない
削除	町	まち	8376		v3 で不要（今の辞書でも単独では同じ読み）	外しても読みが変わらない
削除	乗せ	のせ	10376		v3 で不要（今の辞書でも単独では同じ読み）	外しても読みが変わらない
削除	スムージー	すむーじー	8376		v3 で不要（今の辞書でも単独では同じ読み）	外しても読みが変わらない
削除	試し	ためし	9376		v3 で不要（今の辞書でも単独では同じ読み）	外しても読みが変わらない
削除	変わる	かわる	12376		v3 で不要（接続表の偏りの穴埋め）	外しても読みが変わらない
削除	地面	じめん	-14624		v3 で不要（接続表の偏りの穴埋め）	外しても読みが変わらない
削除	難しい	むずかしい	-14624		v3 で不要（今の辞書でも単独では同じ読み）	外しても読みが変わらない
削除	一部	いちぶ	-14624		v3 で不要（接続表の偏りの穴埋め）	外すと直る: 一部屋→いちぶや
削除	追わ	おわ	8376		v3 で不要（接続表の偏りの穴埋め）	外しても読みが変わらない
削除	桜	さくら	8376		v3 で不要（今の辞書でも単独では同じ読み）	外しても読みが変わらない
削除	唐揚げ	からあげ	8376		v3 で不要（接続表の偏りの穴埋め）	外しても読みが変わらない
削除	姪浜	めいのはま	-14624		v3 で不要（接続表の偏りの穴埋め）	外しても読みが変わらない
削除	西新	にしじん	13376		v3 で不要（接続表の偏りの穴埋め）	外しても読みが変わらない
削除	飲み物	のみもの	8376		v3 で不要（今の辞書でも単独では同じ読み）	外しても読みが変わらない
削除	巻い	まい	10376		v3 で不要（接続表の偏りの穴埋め）	外しても読みが変わらない
削除	鹿の角	しかのつの	-14624		v3 で不要（接続表の偏りの穴埋め）	外しても読みが変わらない
削除	近づく	ちかづく	8376		v3 で不要（接続表の偏りの穴埋め）	外しても読みが変わらない
削除	日程	にってい	-14624		v3 で不要（接続表の偏りの穴埋め）	外しても読みが変わらない
削除	役立つ	やくだつ	-14624		v3 で不要（接続表の偏りの穴埋め）	外しても読みが変わらない
削除	天神橋	てんじんばし	-14624		v3 で不要（接続表の偏りの穴埋め）	外しても読みが変わらない
削除	水道橋	すいどうばし	-14624		v3 で不要（接続表の偏りの穴埋め）	外しても読みが変わらない
削除	大名	だいみょう	-14624		v3 で不要（接続表の偏りの穴埋め）	外しても読みが変わらない
削除	行っ	いっ	4376		v3 で不要（接続表の偏りの穴埋め）	外しても読みが変わらない
削除	屋敷が	やしきが	-14624		v3 で不要（今の辞書でも単独では同じ読み）	外しても読みが変わらない
削除	屋敷を	やしきを	-14624		v3 で不要（今の辞書でも単独では同じ読み）	外しても読みが変わらない
削除	屋敷に	やしきに	-14624		v3 で不要（今の辞書でも単独では同じ読み）	外しても読みが変わらない
削除	屋敷の	やしきの	-14624		v3 で不要（今の辞書でも単独では同じ読み）	外しても読みが変わらない
削除	屋敷は	やしきは	-14624		v3 で不要（今の辞書でも単独では同じ読み）	外しても読みが変わらない
削除	屋敷も	やしきも	-14624		v3 で不要（今の辞書でも単独では同じ読み）	外しても読みが変わらない
削除	屋敷と	やしきと	-14624		v3 で不要（今の辞書でも単独では同じ読み）	外しても読みが変わらない
削除	屋敷で	やしきで	-14624		v3 で不要（今の辞書でも単独では同じ読み）	外しても読みが変わらない
削除	屋敷へ	やしきへ	-14624		v3 で不要（今の辞書でも単独では同じ読み）	外しても読みが変わらない
削除	屋敷から	やしきから	-14624		v3 で不要（今の辞書でも単独では同じ読み）	外しても読みが変わらない
削除	屋敷まで	やしきまで	-14624		v3 で不要（今の辞書でも単独では同じ読み）	外しても読みが変わらない
削除	彩っ	いろどっ	8376		v3 で不要（接続表の偏りの穴埋め）	外しても読みが変わらない
削除	食感	しょっかん	-14624		v3 で不要（接続表の偏りの穴埋め）	外しても読みが変わらない
削除	温まり	あたたまり	8376		v3 で不要（接続表の偏りの穴埋め）	外しても読みが変わらない
削除	群れる	むれる	8376		v3 で不要（接続表の偏りの穴埋め）	外しても読みが変わらない
削除	理解	りかい	-14624		v3 で不要（今の辞書でも単独では同じ読み）	外しても読みが変わらない
削除	作っ	つくっ	-14624		v3 で不要（接続表の偏りの穴埋め）	外しても読みが変わらない
削除	書き	かき	11376		v3 で不要（今の辞書でも単独では同じ読み）	外しても読みが変わらない
削除	言葉	ことば	12376		v3 で不要（接続表の偏りの穴埋め）	外しても読みが変わらない
削除	作成	さくせい	-14624		v3 で不要（今の辞書でも単独では同じ読み）	外しても読みが変わらない
削除	気	き	9376		v3 で不要（今の辞書でも単独では同じ読み）	外しても読みが変わらない
削除	中心	ちゅうしん	-14624		v3 で不要（今の辞書でも単独では同じ読み）	外しても読みが変わらない
削除	説明	せつめい	6376		v3 で不要（今の辞書でも単独では同じ読み）	外しても読みが変わらない
削除	朝市	あさいち	-14624		v3 で不要（接続表の偏りの穴埋め）	外しても読みが変わらない
削除	中津	なかつ	-14624		v3 で不要（今の辞書でも単独では同じ読み）	外しても読みが変わらない
削除	跡	あと	8376		v3 で不要（接続表の偏りの穴埋め）	外しても読みが変わらない
削除	川端	かわばた	-14624		v3 で不要（今の辞書でも単独では同じ読み）	外しても読みが変わらない
削除	築地	つきじ	8376		v3 で不要（今の辞書でも単独では同じ読み）	外しても読みが変わらない
削除	建造	けんぞう	-14624		v3 で不要（今の辞書でも単独では同じ読み）	外しても読みが変わらない
削除	光	ひかり	12376		v3 で不要（接続表の偏りの穴埋め）	外しても読みが変わらない
削除	彩る	いろどる	8376		v3 で不要（接続表の偏りの穴埋め）	外しても読みが変わらない
削除	自然	しぜん	-14624		v3 で不要（今の辞書でも単独では同じ読み）	外しても読みが変わらない
削除	粉	こな	8376		v3 で不要（今の辞書でも単独では同じ読み）	外しても読みが変わらない
削除	音頭	おんど	-14624		v3 で不要（接続表の偏りの穴埋め）	外しても読みが変わらない
削除	うな重	うなじゅう	8376		v3 で不要（接続表の偏りの穴埋め）	外しても読みが変わらない
削除	はしご酒	はしござけ	8376		v3 で不要（接続表の偏りの穴埋め）	外しても読みが変わらない
削除	待っ	まっ	8376		v3 で不要（接続表の偏りの穴埋め）	外しても読みが変わらない
削除	行き	いき	10376		v3 で不要（今の辞書でも単独では同じ読み）	外しても読みが変わらない
削除	汁	しる	9376		v3 で不要（今の辞書でも単独では同じ読み）	外しても読みが変わらない
削除	静か	しずか	8376		v3 で不要（接続表の偏りの穴埋め）	外しても読みが変わらない
削除	目覚め	めざめ	8376		v3 で不要（今の辞書でも単独では同じ読み）	外しても読みが変わらない
削除	熱帯	ねったい	-14624		v3 で不要（接続表の偏りの穴埋め）	外しても読みが変わらない
削除	使っ	つかっ	376		v3 で不要（接続表の偏りの穴埋め）	外しても読みが変わらない
削除	出し	だし	10376		v3 で不要（今の辞書でも単独では同じ読み）	外しても読みが変わらない
削除	実行	じっこう	-14624		v3 で不要（接続表の偏りの穴埋め）	外しても読みが変わらない
削除	未来	みらい	7376		v3 で不要（今の辞書でも単独では同じ読み）	外しても読みが変わらない
削除	整っ	ととのっ	-14624		v3 で不要（接続表の偏りの穴埋め）	外しても読みが変わらない
削除	達成	たっせい	-14624		v3 で不要（今の辞書でも単独では同じ読み）	外しても読みが変わらない
削除	苦労	くろう	-14624		v3 で不要（今の辞書でも単独では同じ読み）	外しても読みが変わらない
削除	完成	かんせい	-14624		v3 で不要（今の辞書でも単独では同じ読み）	外しても読みが変わらない
削除	新	しん	10376		v3 で不要（接続表の偏りの穴埋め）	外しても読みが変わらない
削除	作り	つくり	9376		v3 で不要（接続表の偏りの穴埋め）	外しても読みが変わらない
削除	中道	なかみち	-14624		v3 で不要（接続表の偏りの穴埋め）	外しても読みが変わらない
コスト変更	中城	なかぐすく	-14624	-624	v3 でも必要	巻き込みが0になる最小の段（#47）
削除	本通り	ほんどおり	8376		v3 で不要（今の辞書でも単独では同じ読み）	外しても読みが変わらない
削除	東口	ひがしぐち	-14624		v3 で不要（接続表の偏りの穴埋め）	外しても読みが変わらない
削除	百道	ももじ	-14624		v3 で不要（接続表の偏りの穴埋め）	外しても読みが変わらない
削除	石畳	いしだたみ	7376		v3 で不要（今の辞書でも単独では同じ読み）	外しても読みが変わらない
削除	熱気	ねっき	-14624		v3 で不要（接続表の偏りの穴埋め）	外しても読みが変わらない
削除	味付け	あじつけ	-14624		v3 で不要（接続表の偏りの穴埋め）	外しても読みが変わらない
削除	手羽	てば	-14624		v3 で不要（今の辞書でも単独では同じ読み）	外しても読みが変わらない
削除	踊っ	おどっ	-2624		v3 で不要（接続表の偏りの穴埋め）	外しても読みが変わらない
削除	祭り	まつり	9376		v3 で不要（今の辞書でも単独では同じ読み）	外しても読みが変わらない
削除	刺し	さし	13376		v3 で不要（接続表の偏りの穴埋め）	外しても読みが変わらない
削除	音楽	おんがく	-14624		v3 で不要（今の辞書でも単独では同じ読み）	外しても読みが変わらない
削除	熱く	あつく	8376		v3 で不要（今の辞書でも単独では同じ読み）	外しても読みが変わらない
削除	音	おと	8376		v3 で不要（今の辞書でも単独では同じ読み）	外しても読みが変わらない
削除	乗っ	のっ	4376		v3 で不要（接続表の偏りの穴埋め）	外しても読みが変わらない
削除	食べ	たべ	11376		v3 で不要（接続表の偏りの穴埋め）	外しても読みが変わらない
削除	氷売り	こおりうり	8376		v3 で不要（今の辞書でも単独では同じ読み）	外しても読みが変わらない
削除	塩気	しおけ	-14624		v3 で不要（接続表の偏りの穴埋め）	外しても読みが変わらない
削除	重なっ	かさなっ	8376		v3 で不要（接続表の偏りの穴埋め）	外しても読みが変わらない
削除	待つ	まつ	8376		v3 で不要（今の辞書でも単独では同じ読み）	外しても読みが変わらない
削除	梅干し	うめぼし	8376		v3 で不要（接続表の偏りの穴埋め）	外しても読みが変わらない
削除	牛丼	ぎゅうどん	-14624		v3 で不要（接続表の偏りの穴埋め）	外しても読みが変わらない
削除	三角	さんかく	-14624		v3 で不要（今の辞書でも単独では同じ読み）	外しても読みが変わらない
削除	売り場	うりば	8376		v3 で不要（今の辞書でも単独では同じ読み）	外しても読みが変わらない
削除	ほろ苦	ほろにが	9376		v3 で不要（接続表の偏りの穴埋め）	外しても読みが変わらない
削除	癒し	いやし	9376		v3 で不要（今の辞書でも単独では同じ読み）	外しても読みが変わらない
削除	登っ	のぼっ	10376		v3 で不要（接続表の偏りの穴埋め）	外しても読みが変わらない
削除	木の葉	このは	-14624		v3 で不要（接続表の偏りの穴埋め）	外しても読みが変わらない
削除	草食	そうしょく	-14624		v3 で不要（今の辞書でも単独では同じ読み）	外しても読みが変わらない
削除	続く	つづく	11376		v3 で不要（今の辞書でも単独では同じ読み）	外しても読みが変わらない
削除	書か	かか	-14624		v3 で不要（接続表の偏りの穴埋め）	外すと直る: 聖書から→せいかから（#41）
削除	開発	かいはつ	-14624		v3 で不要（今の辞書でも単独では同じ読み）	外しても読みが変わらない
削除	管理	かんり	-14624		v3 で不要（今の辞書でも単独では同じ読み）	外しても読みが変わらない
削除	正直	しょうじき	-14624		v3 で不要（接続表の偏りの穴埋め）	外すと直る: 正直者→しょうじきしゃ（文の中）
削除	左右	さゆう	8376		v3 で不要（接続表の偏りの穴埋め）	外しても読みが変わらない
削除	別物	べつもの	-14624		v3 で不要（接続表の偏りの穴埋め）	外しても読みが変わらない
削除	使い	つかい	9376		v3 で不要（今の辞書でも単独では同じ読み）	外しても読みが変わらない
削除	スキル	すきる	8376		v3 で不要（今の辞書でも単独では同じ読み）	外しても読みが変わらない
削除	歩ん	あゆん	8376		v3 で不要（今の辞書でも単独では同じ読み）	外しても読みが変わらない
削除	立つ	たつ	10376		v3 で不要（今の辞書でも単独では同じ読み）	外しても読みが変わらない
削除	出し合っ	だしあっ	8376		v3 で不要（今の辞書でも単独では同じ読み）	外しても読みが変わらない
削除	守っ	まもっ	-14624		v3 で不要（接続表の偏りの穴埋め）	外しても読みが変わらない
削除	発表	はっぴょう	-14624		v3 で不要（今の辞書でも単独では同じ読み）	外しても読みが変わらない
削除	向かう	むかう	8376		v3 で不要（接続表の偏りの穴埋め）	外しても読みが変わらない
削除	人生	じんせい	-14624		v3 で不要（今の辞書でも単独では同じ読み）	外すと直る: 浪人生→なみじんせい
削除	当日	とうじつ	-14624		v3 で不要（接続表の偏りの穴埋め）	外しても読みが変わらない
削除	通し	とおし	10376		v3 で不要（今の辞書でも単独では同じ読み）	外しても読みが変わらない
削除	ぜ	ぜ	12376		v3 で不要（接続表の偏りの穴埋め）	外しても読みが変わらない
削除	若者	わかもの	-14624		v3 で不要（今の辞書でも単独では同じ読み）	外しても読みが変わらない
削除	学びが	まなびが	-14624		v3 で不要（今の辞書でも単独では同じ読み）	外しても読みが変わらない
削除	学びを	まなびを	-14624		v3 で不要（今の辞書でも単独では同じ読み）	外しても読みが変わらない
削除	学びに	まなびに	-14624		v3 で不要（今の辞書でも単独では同じ読み）	外しても読みが変わらない
削除	学びの	まなびの	-14624		v3 で不要（今の辞書でも単独では同じ読み）	外しても読みが変わらない
削除	学びは	まなびは	-14624		v3 で不要（今の辞書でも単独では同じ読み）	外しても読みが変わらない
削除	学びも	まなびも	-14624		v3 で不要（今の辞書でも単独では同じ読み）	外しても読みが変わらない
削除	学びと	まなびと	-14624		v3 で不要（今の辞書でも単独では同じ読み）	外しても読みが変わらない
削除	学びで	まなびで	-14624		v3 で不要（今の辞書でも単独では同じ読み）	外しても読みが変わらない
削除	学びへ	まなびへ	-14624		v3 で不要（今の辞書でも単独では同じ読み）	外しても読みが変わらない
削除	学びから	まなびから	-14624		v3 で不要（今の辞書でも単独では同じ読み）	外しても読みが変わらない
削除	学びまで	まなびまで	-14624		v3 で不要（今の辞書でも単独では同じ読み）	外しても読みが変わらない
削除	形	かたち	10376		v3 で不要（今の辞書でも単独では同じ読み）	外しても読みが変わらない
削除	歴史	れきし	-14624		v3 で不要（今の辞書でも単独では同じ読み）	外しても読みが変わらない
削除	玄界	げんかい	-14624		v3 で不要（接続表の偏りの穴埋め）	外しても読みが変わらない
削除	温泉	おんせん	9376		v3 で不要（今の辞書でも単独では同じ読み）	外しても読みが変わらない
削除	東	ひがし	11376		v3 で不要（接続表の偏りの穴埋め）	外しても読みが変わらない
削除	北	きた	11376		v3 で不要（接続表の偏りの穴埋め）	外しても読みが変わらない
削除	春日原	かすがばる	-14624		v3 で不要（接続表の偏りの穴埋め）	外しても読みが変わらない
削除	黒酢	くろず	-14624		v3 で不要（接続表の偏りの穴埋め）	外しても読みが変わらない
削除	塩辛	しおから	11376		v3 で不要（今の辞書でも単独では同じ読み）	外しても読みが変わらない
削除	天神	てんじん	-9624		v3 で不要（今の辞書でも単独では同じ読み）	外しても読みが変わらない
削除	海岸	かいがん	376		v3 で不要（今の辞書でも単独では同じ読み）	外しても読みが変わらない
削除	西口	にしぐち	-14624		v3 で不要（今の辞書でも単独では同じ読み）	外しても読みが変わらない
削除	原町	はらまち	6376		v3 で不要（接続表の偏りの穴埋め）	外しても読みが変わらない
削除	水道	すいどう	-14624		v3 で不要（接続表の偏りの穴埋め）	上水道→うえすいどう・水道水→すいどうみず を作っていた。水道管 の行に置き換えた（#47）
削除	朝顔	あさがお	-14624		v3 で不要（接続表の偏りの穴埋め）	外しても読みが変わらない
削除	勝村	かつむら	-14624		v3 で不要（接続表の偏りの穴埋め）	外しても読みが変わらない
削除	神宮	じんぐう	-14624		v3 で不要（今の辞書でも単独では同じ読み）	外すと直る: 神宮寺→じんぐうてら。巻き込み3語（#47）
削除	漁港	ぎょこう	-14624		v3 で不要（今の辞書でも単独では同じ読み）	外しても読みが変わらない
削除	小郡	おごおり	-14624		v3 で不要（接続表の偏りの穴埋め）	外しても読みが変わらない
削除	河内	かわち	9376		v3 で不要（今の辞書でも単独では同じ読み）	外しても読みが変わらない
削除	宮前	みやまえ	5376		v3 で不要（今の辞書でも単独では同じ読み）	外しても読みが変わらない
削除	河口	かわぐち	-14624		v3 で不要（今の辞書でも単独では同じ読み）	外しても読みが変わらない
削除	筑紫勝家	ちくしかついえ	-14624		v3 で不要（接続表の偏りの穴埋め）	外しても読みが変わらない
削除	小竹	こだけ	9376		v3 で不要（接続表の偏りの穴埋め）	外しても読みが変わらない
削除	今宿	いまじゅく	-14624		v3 で不要（接続表の偏りの穴埋め）	外しても読みが変わらない
削除	大濠	おおほり	-14624		v3 で不要（今の辞書でも単独では同じ読み）	外しても読みが変わらない
削除	港町	みなとまち	-14624		v3 で不要（接続表の偏りの穴埋め）	外しても読みが変わらない
削除	留まり	とまり	11376		v3 で不要（今の辞書でも単独では同じ読み）	外しても読みが変わらない
削除	語っ	かたっ	-14624		v3 でも必要	巻き込み1語（#47）。文の中では行なしでも同じ読み
削除	黄金色	こがねいろ	-14624		v3 で不要（接続表の偏りの穴埋め）	外しても読みが変わらない
削除	人通り	ひとどおり	8376		v3 で不要（接続表の偏りの穴埋め）	外しても読みが変わらない
削除	焼く	やく	8376		v3 で不要（今の辞書でも単独では同じ読み）	外しても読みが変わらない
削除	立ち止まる	たちどまる	8376		v3 で不要（今の辞書でも単独では同じ読み）	外しても読みが変わらない
削除	店員	てんいん	-14624		v3 で不要（今の辞書でも単独では同じ読み）	外しても読みが変わらない
削除	お好み焼き	おこのみやき	8376		v3 で不要（今の辞書でも単独では同じ読み）	外しても読みが変わらない
削除	笑い声	わらいごえ	8376		v3 で不要（今の辞書でも単独では同じ読み）	外しても読みが変わらない
削除	大人	おとな	-14624		v3 で不要（接続表の偏りの穴埋め）	外すと直る: 大人気→おとなき・大人買い→おとなかい。巻き込み4語（#47）
削除	回っ	まわっ	10376		v3 で不要（接続表の偏りの穴埋め）	外しても読みが変わらない
削除	大声	おおごえ	-14624		v3 で不要（接続表の偏りの穴埋め）	外しても読みが変わらない
削除	汁粉	しるこ	-14624		v3 で不要（接続表の偏りの穴埋め）	外しても読みが変わらない
削除	たこ焼き	たこやき	8376		v3 で不要（今の辞書でも単独では同じ読み）	外しても読みが変わらない
削除	売り声	うりごえ	8376		v3 で不要（接続表の偏りの穴埋め）	外しても読みが変わらない
削除	点灯	てんとう	-14624		v3 で不要（今の辞書でも単独では同じ読み）	外しても読みが変わらない
削除	映え	はえ	10376		v3 で不要（接続表の偏りの穴埋め）	外しても読みが変わらない
削除	夜風	よかぜ	-14624		v3 で不要（接続表の偏りの穴埋め）	外しても読みが変わらない
削除	遊ぶ	あそぶ	8376		v3 で不要（今の辞書でも単独では同じ読み）	外しても読みが変わらない
削除	温まる	あたたまる	8376		v3 で不要（今の辞書でも単独では同じ読み）	外しても読みが変わらない
削除	一時	いちじ	-14624		v3 で不要（接続表の偏りの穴埋め）	外しても読みが変わらない
削除	迷っ	まよっ	-14624		v3 で不要（接続表の偏りの穴埋め）	外しても読みが変わらない
削除	込み	こみ	12376		v3 で不要（接続表の偏りの穴埋め）	外しても読みが変わらない
削除	来る	くる	9376		v3 で不要（今の辞書でも単独では同じ読み）	外しても読みが変わらない
削除	持っ	もっ	4376		v3 で不要（接続表の偏りの穴埋め）	外しても読みが変わらない
削除	具	ぐ	9376		v3 で不要（今の辞書でも単独では同じ読み）	外しても読みが変わらない
削除	添え	そえ	10376		v3 で不要（接続表の偏りの穴埋め）	外しても読みが変わらない
削除	酸っぱ	すっぱ	10376		v3 で不要（接続表の偏りの穴埋め）	外しても読みが変わらない
削除	酒屋	さかや	-14624		v3 で不要（接続表の偏りの穴埋め）	外しても読みが変わらない
削除	蕎麦粉	そばこ	-14624		v3 で不要（接続表の偏りの穴埋め）	外しても読みが変わらない
削除	寿司酢	すしず	-14624		v3 で不要（接続表の偏りの穴埋め）	外しても読みが変わらない
削除	挽き	ひき	9376		v3 で不要（接続表の偏りの穴埋め）	外しても読みが変わらない
削除	法	ほう	11376		v3 で不要（接続表の偏りの穴埋め）	外しても読みが変わらない
削除	火	ひ	10376		v3 で不要（今の辞書でも単独では同じ読み）	外しても読みが変わらない
削除	洗っ	あらっ	8376		v3 で不要（接続表の偏りの穴埋め）	外しても読みが変わらない
削除	固め	かため	10376		v3 で不要（接続表の偏りの穴埋め）	外しても読みが変わらない
削除	深い	ふかい	10376		v3 で不要（接続表の偏りの穴埋め）	外しても読みが変わらない
削除	濃く	こく	8376		v3 で不要（今の辞書でも単独では同じ読み）	外しても読みが変わらない
削除	分かち合っ	わかちあっ	8376		v3 で不要（今の辞書でも単独では同じ読み）	外しても読みが変わらない
削除	切り	きり	15376		v3 で不要（接続表の偏りの穴埋め）	外しても読みが変わらない
削除	美味しい	おいしい	8376		v3 で不要（今の辞書でも単独では同じ読み）	外しても読みが変わらない
削除	分け合っ	わけあっ	8376		v3 で不要（今の辞書でも単独では同じ読み）	外しても読みが変わらない
削除	囲ん	かこん	8376		v3 で不要（今の辞書でも単独では同じ読み）	外しても読みが変わらない
削除	選び	えらび	11376		v3 で不要（今の辞書でも単独では同じ読み）	外しても読みが変わらない
削除	酔う	よう	8376		v3 で不要（接続表の偏りの穴埋め）	外しても読みが変わらない
削除	紅茶	こうちゃ	-14624		v3 で不要（今の辞書でも単独では同じ読み）	外しても読みが変わらない
削除	水筒	すいとう	-14624		v3 で不要（接続表の偏りの穴埋め）	外しても読みが変わらない
削除	塩分	えんぶん	-14624		v3 で不要（接続表の偏りの穴埋め）	外しても読みが変わらない
削除	絶妙	ぜつみょう	-14624		v3 で不要（今の辞書でも単独では同じ読み）	外しても読みが変わらない
削除	かぜ	かぜ	9376		v3 で不要（今の辞書でも単独では同じ読み）	外しても読みが変わらない
削除	一番	いちばん	-14624		v3 で不要（接続表の偏りの穴埋め）	外しても読みが変わらない
削除	心	こころ	9376		v3 で不要（今の辞書でも単独では同じ読み）	外しても読みが変わらない
削除	涼し	すずし	8376		v3 で不要（接続表の偏りの穴埋め）	外しても読みが変わらない
削除	合間	あいま	-14624		v3 で不要（接続表の偏りの穴埋め）	外しても読みが変わらない
削除	挽い	ひい	8376		v3 で不要（接続表の偏りの穴埋め）	外しても読みが変わらない
削除	苦み	にがみ	10376		v3 で不要（今の辞書でも単独では同じ読み）	外しても読みが変わらない
削除	おとぎ話	おとぎばなし	8376		v3 で不要（接続表の偏りの穴埋め）	外しても読みが変わらない
削除	癒す	いやす	8376		v3 で不要（今の辞書でも単独では同じ読み）	外しても読みが変わらない
削除	力	ちから	8376		v3 で不要（今の辞書でも単独では同じ読み）	外すと直る: 力動感→ちからどうかん
削除	立っ	たっ	7376		v3 で不要（接続表の偏りの穴埋め）	外しても読みが変わらない
削除	ぶら下がる	ぶらさがる	8376		v3 で不要（接続表の偏りの穴埋め）	外しても読みが変わらない
削除	生きる	いきる	8376		v3 で不要（今の辞書でも単独では同じ読み）	外しても読みが変わらない
コスト変更	日向	ひなた	-14624	7376	v3 でも必要	巻き込みが1語（日向臭）に減る段。8376 だと 日陰と日向→ひかげとひむか になる（#47）
削除	吠え	ほえ	11376		v3 で不要（接続表の偏りの穴埋め）	外しても読みが変わらない
削除	懐っこい	なつっこい	8376		v3 で不要（今の辞書でも単独では同じ読み）	外しても読みが変わらない
削除	ひっくり返っ	ひっくりかえっ	8376		v3 で不要（接続表の偏りの穴埋め）	外しても読みが変わらない
削除	昼行	ちゅうこう	-14624		v3 で不要（接続表の偏りの穴埋め）	外しても読みが変わらない
削除	様子	ようす	-14624		v3 で不要（今の辞書でも単独では同じ読み）	外しても読みが変わらない
削除	大き	おおき	11376		v3 で不要（接続表の偏りの穴埋め）	外しても読みが変わらない
削除	毛皮	けがわ	-14624		v3 で不要（接続表の偏りの穴埋め）	外しても読みが変わらない
削除	林	はやし	9376		v3 で不要（今の辞書でも単独では同じ読み）	外しても読みが変わらない
削除	飛行	ひこう	-14624		v3 で不要（今の辞書でも単独では同じ読み）	外しても読みが変わらない
削除	投げ	なげ	8376		v3 で不要（今の辞書でも単独では同じ読み）	外しても読みが変わらない
削除	願っ	ねがっ	-14624		v3 で不要（接続表の偏りの穴埋め）	外しても読みが変わらない
削除	力強	ちからづよ	11376		v3 で不要（接続表の偏りの穴埋め）	外しても読みが変わらない
削除	嬉し	うれし	9376		v3 で不要（接続表の偏りの穴埋め）	外しても読みが変わらない
削除	近づい	ちかづい	8376		v3 で不要（接続表の偏りの穴埋め）	外しても読みが変わらない
削除	滑っ	すべっ	-14624		v3 で不要（接続表の偏りの穴埋め）	外しても読みが変わらない
削除	認め	みとめ	10376		v3 で不要（今の辞書でも単独では同じ読み）	外しても読みが変わらない
削除	匂い	におい	9376		v3 で不要（今の辞書でも単独では同じ読み）	外しても読みが変わらない
削除	覚まし	さまし	8376		v3 で不要（今の辞書でも単独では同じ読み）	外しても読みが変わらない
削除	返し	かえし	9376		v3 で不要（接続表の偏りの穴埋め）	外しても読みが変わらない
削除	跳ね	はね	10376		v3 で不要（今の辞書でも単独では同じ読み）	外しても読みが変わらない
削除	飼い主	かいぬし	8376		v3 で不要（今の辞書でも単独では同じ読み）	外しても読みが変わらない
削除	歩く	あるく	11376		v3 で不要（今の辞書でも単独では同じ読み）	外しても読みが変わらない
削除	絆	きずな	10376		v3 で不要（今の辞書でも単独では同じ読み）	外しても読みが変わらない
削除	豊か	ゆたか	8376		v3 で不要（今の辞書でも単独では同じ読み）	外しても読みが変わらない
削除	振り返っ	ふりかえっ	8376		v3 で不要（接続表の偏りの穴埋め）	外しても読みが変わらない
削除	炭酸水	たんさんすい	-14624		v3 で不要（接続表の偏りの穴埋め）	外しても読みが変わらない
削除	る中で	るなかで	-14624		v3 で不要（接続表の偏りの穴埋め）	外しても読みが変わらない
削除	ない中で	ないなかで	-14624		v3 で不要（接続表の偏りの穴埋め）	外しても読みが変わらない
削除	部屋中	へやじゅう	-14624		v3 で不要（今の辞書でも単独では同じ読み）	外しても読みが変わらない
削除	開発中	かいはつちゅう	-14624		v3 で不要（接続表の偏りの穴埋め）	外しても読みが変わらない
削除	春日井	かすがい	-24624		v3 で不要（今の辞書でも単独では同じ読み）	外しても読みが変わらない
削除	春日市	かすがし	-24624		v3 で不要（接続表の偏りの穴埋め）	外しても読みが変わらない
削除	中国	ちゅうごく	-14624		v3 で不要（接続表の偏りの穴埋め）	外しても読みが変わらない
削除	連れて	つれて	-24624		v3 で不要（今の辞書でも単独では同じ読み）	外しても読みが変わらない
削除	協力	きょうりょく	-14624		v3 で不要（今の辞書でも単独では同じ読み）	外しても読みが変わらない
削除	速さ	はやさ	8376		v3 で不要（接続表の偏りの穴埋め）	外しても読みが変わらない
削除	速く	はやく	8376		v3 で不要（今の辞書でも単独では同じ読み）	外しても読みが変わらない
削除	の証だ	のあかしだ	-14624		v3 で不要（接続表の偏りの穴埋め）	外しても読みが変わらない
削除	スイカの種	すいかのたね	-14624		v3 で不要（接続表の偏りの穴埋め）	外しても読みが変わらない
削除	氷の器	こおりのうつわ	-14624		v3 で不要（接続表の偏りの穴埋め）	外しても読みが変わらない
削除	の尾	のお	-14624		v3 で不要（接続表の偏りの穴埋め）	外しても読みが変わらない
削除	他者	たしゃ	-14624		v3 で不要（今の辞書でも単独では同じ読み）	外しても読みが変わらない
削除	いる間に	いるあいだに	-14624		v3 で不要（接続表の偏りの穴埋め）	外しても読みが変わらない
削除	の場と	のばと	-14624		v3 で不要（今の辞書でも単独では同じ読み）	外しても読みが変わらない
削除	の場で	のばで	-14624		v3 で不要（今の辞書でも単独では同じ読み）	外しても読みが変わらない
削除	る場だ	るばだ	-14624		v3 で不要（今の辞書でも単独では同じ読み）	外しても読みが変わらない
削除	王様	おうさま	-14624		v3 で不要（接続表の偏りの穴埋め）	外しても読みが変わらない
削除	黒崎祭	くろさきさい	-14624		v3 で不要（今の辞書でも単独では同じ読み）	外しても読みが変わらない
削除	香椎宮	かしいぐう	-14624		v3 で不要（今の辞書でも単独では同じ読み）	外しても読みが変わらない
削除	の人と	のひとと	-14624		v3 で不要（今の辞書でも単独では同じ読み）	外しても読みが変わらない
削除	の人の	のひとの	-14624		v3 で不要（今の辞書でも単独では同じ読み）	外しても読みが変わらない
削除	の人が	のひとが	-14624		v3 で不要（今の辞書でも単独では同じ読み）	外しても読みが変わらない
削除	の人に	のひとに	-14624		v3 で不要（今の辞書でも単独では同じ読み）	外しても読みが変わらない
削除	の人も	のひとも	-14624		v3 で不要（今の辞書でも単独では同じ読み）	外しても読みが変わらない
削除	の人は	のひとは	-14624		v3 で不要（今の辞書でも単独では同じ読み）	外すと直る: 他の人は→たのひとは
削除	この人	このひと	-14624		v3 で不要（今の辞書でも単独では同じ読み）	外しても読みが変わらない
削除	その人	そのひと	-14624		v3 で不要（今の辞書でも単独では同じ読み）	外すと直る: その人形劇→そのひとけいげき
削除	あの人	あのひと	-14624		v3 で不要（今の辞書でも単独では同じ読み）	外しても読みが変わらない
削除	箱崎	はこざき	-14624		v3 で不要（今の辞書でも単独では同じ読み）	外しても読みが変わらない
削除	筑後川	ちくごがわ	-14624		v3 で不要（今の辞書でも単独では同じ読み）	外しても読みが変わらない
削除	川辺	かわべ	-14624		v3 で不要（接続表の偏りの穴埋め）	外しても読みが変わらない
削除	天の川	あまのがわ	-14624		v3 で不要（接続表の偏りの穴埋め）	外しても読みが変わらない
削除	風車	かざぐるま	-14624		v3 で不要（今の辞書でも単独では同じ読み）	外しても読みが変わらない
削除	風船	ふうせん	-14624		v3 で不要（今の辞書でも単独では同じ読み）	外しても読みが変わらない
削除	初心者	しょしんしゃ	-14624		v3 で不要（今の辞書でも単独では同じ読み）	外しても読みが変わらない
削除	心配	しんぱい	10376		v3 で不要（今の辞書でも単独では同じ読み）	外しても読みが変わらない
削除	安心	あんしん	-14624		v3 で不要（今の辞書でも単独では同じ読み）	外すと直る: 安心院→あんしんいん。巻き込み1語（#47）
削除	関心	かんしん	-14624		v3 で不要（今の辞書でも単独では同じ読み）	外しても読みが変わらない
削除	努力	どりょく	-14624		v3 で不要（今の辞書でも単独では同じ読み）	外しても読みが変わらない
削除	能力	のうりょく	-14624		v3 で不要（今の辞書でも単独では同じ読み）	外しても読みが変わらない
削除	一種	いっしゅ	-14624		v3 で不要（今の辞書でも単独では同じ読み）	外しても読みが変わらない
削除	一緒	いっしょ	-14624		v3 で不要（今の辞書でも単独では同じ読み）	外しても読みが変わらない
削除	一つ	ひとつ	2376		v3 で不要（今の辞書でも単独では同じ読み）	外しても読みが変わらない
削除	一人	ひとり	-14624		v3 で不要（接続表の偏りの穴埋め）	外すと直る: 一人暮らし→ひとりくらし（#41）。巻き込み18語（#47）
削除	串刺し	くしざし	-14624		v3 で不要（今の辞書でも単独では同じ読み）	外しても読みが変わらない
削除	街頭	がいとう	-14624		v3 で不要（今の辞書でも単独では同じ読み）	外しても読みが変わらない
削除	街道	かいどう	-14624		v3 で不要（今の辞書でも単独では同じ読み）	外しても読みが変わらない
削除	市街地	しがいち	-14624		v3 で不要（今の辞書でも単独では同じ読み）	外しても読みが変わらない
削除	商店街	しょうてんがい	-14624		v3 で不要（今の辞書でも単独では同じ読み）	外しても読みが変わらない
削除	繁華街	はんかがい	-14624		v3 で不要（今の辞書でも単独では同じ読み）	外しても読みが変わらない
削除	住宅街	じゅうたくがい	-14624		v3 で不要（今の辞書でも単独では同じ読み）	外しても読みが変わらない
削除	バー街	ばーがい	-14624		v3 で不要（接続表の偏りの穴埋め）	外しても読みが変わらない
削除	陽気	ようき	-14624		v3 で不要（今の辞書でも単独では同じ読み）	外しても読みが変わらない
削除	汁気	しるけ	-14624		v3 で不要（接続表の偏りの穴埋め）	外しても読みが変わらない
削除	元気	げんき	-14624		v3 で不要（今の辞書でも単独では同じ読み）	外しても読みが変わらない
削除	地元	じもと	-14624		v3 で不要（接続表の偏りの穴埋め）	外しても読みが変わらない
削除	目指し	めざし	-14624		v3 で不要（今の辞書でも単独では同じ読み）	外しても読みが変わらない
削除	目覚まし	めざまし	-14624		v3 で不要（今の辞書でも単独では同じ読み）	外しても読みが変わらない
削除	使い方	つかいかた	-14624		v3 で不要（今の辞書でも単独では同じ読み）	外しても読みが変わらない
削除	作り方	つくりかた	-14624		v3 で不要（接続表の偏りの穴埋め）	外しても読みが変わらない
削除	やり方	やりかた	-14624		v3 で不要（今の辞書でも単独では同じ読み）	外しても読みが変わらない
削除	並べ方	ならべかた	-14624		v3 で不要（接続表の偏りの穴埋め）	外しても読みが変わらない
削除	食べ方	たべかた	-14624		v3 で不要（今の辞書でも単独では同じ読み）	外しても読みが変わらない
削除	書き方	かきかた	-14624		v3 で不要（今の辞書でも単独では同じ読み）	外しても読みが変わらない
削除	読み方	よみかた	-14624		v3 で不要（今の辞書でも単独では同じ読み）	外しても読みが変わらない
削除	見方	みかた	-14624		v3 で不要（今の辞書でも単独では同じ読み）	外しても読みが変わらない
削除	学び方	まなびかた	-14624		v3 で不要（今の辞書でも単独では同じ読み）	外しても読みが変わらない
削除	選び方	えらびかた	-14624		v3 で不要（今の辞書でも単独では同じ読み）	外しても読みが変わらない
削除	付け方	つけかた	-14624		v3 で不要（接続表の偏りの穴埋め）	外しても読みが変わらない
削除	生き方	いきかた	-14624		v3 で不要（今の辞書でも単独では同じ読み）	外しても読みが変わらない
削除	考え方	かんがえかた	-14624		v3 で不要（今の辞書でも単独では同じ読み）	外しても読みが変わらない
削除	探し方	さがしかた	-14624		v3 で不要（今の辞書でも単独では同じ読み）	外しても読みが変わらない
削除	話し方	はなしかた	-14624		v3 で不要（今の辞書でも単独では同じ読み）	外しても読みが変わらない
削除	歩き方	あるきかた	-14624		v3 で不要（今の辞書でも単独では同じ読み）	外しても読みが変わらない
削除	飲み方	のみかた	-14624		v3 で不要（接続表の偏りの穴埋め）	外しても読みが変わらない
削除	働き方	はたらきかた	-14624		v3 で不要（今の辞書でも単独では同じ読み）	外しても読みが変わらない
削除	焼き方	やきかた	-14624		v3 で不要（今の辞書でも単独では同じ読み）	外しても読みが変わらない
削除	売り方	うりかた	-14624		v3 で不要（今の辞書でも単独では同じ読み）	外しても読みが変わらない
削除	淹れ方	いれかた	-14624		v3 で不要（今の辞書でも単独では同じ読み）	外しても読みが変わらない
削除	炊き方	たきかた	-14624		v3 で不要（今の辞書でも単独では同じ読み）	外しても読みが変わらない
削除	挽き方	ひきかた	-14624		v3 で不要（今の辞書でも単独では同じ読み）	外しても読みが変わらない
削除	夕方	ゆうがた	-14624		v3 で不要（接続表の偏りの穴埋め）	外しても読みが変わらない
削除	仕方	しかた	7376		v3 で不要（今の辞書でも単独では同じ読み）	外しても読みが変わらない
削除	他も	ほかも	-14624		v3 で不要（今の辞書でも単独では同じ読み）	外しても読みが変わらない
削除	他と	ほかと	-14624		v3 で不要（接続表の偏りの穴埋め）	外しても読みが変わらない
削除	強さ	つよさ	-14624		v3 で不要（接続表の偏りの穴埋め）	外すと直る: 力強さ→ちからつよさ
削除	強く	つよく	9376		v3 で不要（今の辞書でも単独では同じ読み）	外しても読みが変わらない
削除	強い	つよい	2376		v3 で不要（今の辞書でも単独では同じ読み）	外しても読みが変わらない
削除	温か	あたたか	9376		v3 で不要（今の辞書でも単独では同じ読み）	外しても読みが変わらない
削除	近くが	ちかくが	-14624		v3 で不要（接続表の偏りの穴埋め）	外しても読みが変わらない
削除	近くを	ちかくを	-14624		v3 で不要（接続表の偏りの穴埋め）	外しても読みが変わらない
削除	近くに	ちかくに	-14624		v3 で不要（今の辞書でも単独では同じ読み）	外しても読みが変わらない
削除	近くの	ちかくの	-14624		v3 で不要（接続表の偏りの穴埋め）	外しても読みが変わらない
削除	近くは	ちかくは	-14624		v3 で不要（今の辞書でも単独では同じ読み）	外しても読みが変わらない
削除	近くも	ちかくも	-14624		v3 で不要（今の辞書でも単独では同じ読み）	外しても読みが変わらない
削除	近くと	ちかくと	-14624		v3 で不要（今の辞書でも単独では同じ読み）	外しても読みが変わらない
削除	近くで	ちかくで	-14624		v3 で不要（接続表の偏りの穴埋め）	外しても読みが変わらない
削除	近くへ	ちかくへ	-14624		v3 で不要（接続表の偏りの穴埋め）	外しても読みが変わらない
削除	近くから	ちかくから	-14624		v3 で不要（今の辞書でも単独では同じ読み）	外しても読みが変わらない
削除	近くまで	ちかくまで	-14624		v3 で不要（接続表の偏りの穴埋め）	外しても読みが変わらない
削除	実る	みのる	-14624		v3 で不要（接続表の偏りの穴埋め）	外しても読みが変わらない
削除	生き	いき	10376		v3 で不要（接続表の偏りの穴埋め）	外しても読みが変わらない
削除	う中で	うなかで	-14624		v3 で不要（接続表の偏りの穴埋め）	外しても読みが変わらない
削除	忠犬	ちゅうけん	-14624		v3 で不要（今の辞書でも単独では同じ読み）	外しても読みが変わらない
削除	中華	ちゅうか	-14624		v3 で不要（今の辞書でも単独では同じ読み）	外しても読みが変わらない
削除	中央	ちゅうおう	-14624		v3 で不要（今の辞書でも単独では同じ読み）	外しても読みが変わらない
削除	声	こえ	8376		v3 で不要（今の辞書でも単独では同じ読み）	外しても読みが変わらない
削除	木製	もくせい	-14624		v3 で不要（接続表の偏りの穴埋め）	外しても読みが変わらない
削除	座って	すわって	8376		v3 で不要（接続表の偏りの穴埋め）	外しても読みが変わらない
削除	人	ひと	9376		v3 で不要（今の辞書でも単独では同じ読み）	外しても読みが変わらない
削除	待って	まって	8376		v3 で不要（接続表の偏りの穴埋め）	外しても読みが変わらない
コスト変更	入れ	いれ	376	9376	v3 で不要（今の辞書でも単独では同じ読み）	巻き込みが0になる最小の段（#47）
削除	温め	あたため	9376		v3 で不要（接続表の偏りの穴埋め）	外しても読みが変わらない
削除	持参	じさん	4376		v3 で不要（今の辞書でも単独では同じ読み）	外しても読みが変わらない
削除	満た	みた	11376		v3 で不要（接続表の偏りの穴埋め）	外しても読みが変わらない
削除	外食	がいしょく	5376		v3 で不要（接続表の偏りの穴埋め）	外しても読みが変わらない
削除	切子	きりこ	8376		v3 で不要（今の辞書でも単独では同じ読み）	外しても読みが変わらない
削除	庭園	ていえん	8376		v3 で不要（今の辞書でも単独では同じ読み）	外しても読みが変わらない
削除	商人	しょうにん	7376		v3 で不要（接続表の偏りの穴埋め）	外しても読みが変わらない
削除	御用	ごよう	7376		v3 で不要（接続表の偏りの穴埋め）	外しても読みが変わらない
削除	様	さま	9376		v3 で不要（接続表の偏りの穴埋め）	外すと直る: この様な・今日の様に→〜さま〜
削除	町人	ちょうにん	-6624		v3 で不要（接続表の偏りの穴埋め）	外しても読みが変わらない
削除	役人	やくにん	8376		v3 で不要（接続表の偏りの穴埋め）	外しても読みが変わらない
削除	訪れ	おとずれ	8376		v3 で不要（今の辞書でも単独では同じ読み）	外しても読みが変わらない
削除	観光	かんこう	8376		v3 で不要（今の辞書でも単独では同じ読み）	外しても読みが変わらない
削除	女中	じょちゅう	5376		v3 で不要（接続表の偏りの穴埋め）	外しても読みが変わらない
削除	鳥居が	とりいが	-14624		v3 で不要（今の辞書でも単独では同じ読み）	外しても読みが変わらない
削除	鳥居を	とりいを	-14624		v3 で不要（今の辞書でも単独では同じ読み）	外しても読みが変わらない
削除	鳥居に	とりいに	-14624		v3 で不要（今の辞書でも単独では同じ読み）	外しても読みが変わらない
削除	鳥居の	とりいの	-14624		v3 で不要（今の辞書でも単独では同じ読み）	外しても読みが変わらない
削除	鳥居は	とりいは	-14624		v3 で不要（今の辞書でも単独では同じ読み）	外しても読みが変わらない
削除	鳥居も	とりいも	-14624		v3 で不要（接続表の偏りの穴埋め）	外しても読みが変わらない
削除	鳥居と	とりいと	-14624		v3 で不要（今の辞書でも単独では同じ読み）	外しても読みが変わらない
削除	鳥居で	とりいで	-14624		v3 で不要（今の辞書でも単独では同じ読み）	外しても読みが変わらない
削除	鳥居へ	とりいへ	-14624		v3 で不要（今の辞書でも単独では同じ読み）	外しても読みが変わらない
削除	鳥居から	とりいから	-14624		v3 で不要（今の辞書でも単独では同じ読み）	外しても読みが変わらない
削除	鳥居まで	とりいまで	-14624		v3 で不要（今の辞書でも単独では同じ読み）	外しても読みが変わらない
削除	際立つ	きわだつ	8376		v3 で不要（接続表の偏りの穴埋め）	外しても読みが変わらない
削除	一気	いっき	5376		v3 で不要（今の辞書でも単独では同じ読み）	外しても読みが変わらない
削除	逃げ	にげ	3376		v3 で不要（接続表の偏りの穴埋め）	外しても読みが変わらない
削除	他が	ほかが	-14624		v3 で不要（今の辞書でも単独では同じ読み）	外しても読みが変わらない
削除	他を	ほかを	-14624		v3 で不要（今の辞書でも単独では同じ読み）	外しても読みが変わらない
削除	他へ	ほかへ	-14624		v3 で不要（今の辞書でも単独では同じ読み）	外しても読みが変わらない
削除	他から	ほかから	-14624		v3 で不要（今の辞書でも単独では同じ読み）	外しても読みが変わらない
削除	重視	じゅうし	5376		v3 で不要（今の辞書でも単独では同じ読み）	外しても読みが変わらない
削除	勝つ	かつ	8376		v3 で不要（今の辞書でも単独では同じ読み）	外しても読みが変わらない
削除	散歩中	さんぽちゅう	8376		v3 で不要（接続表の偏りの穴埋め）	外しても読みが変わらない
削除	愛情深い	あいじょうぶかい	8376		v3 で不要（接続表の偏りの穴埋め）	外しても読みが変わらない
削除	出し合い	だしあい	8376		v3 で不要（今の辞書でも単独では同じ読み）	外しても読みが変わらない
削除	表現	ひょうげん	-2624		v3 で不要（今の辞書でも単独では同じ読み）	外しても読みが変わらない
削除	直結	ちょっけつ	4376		v3 で不要（今の辞書でも単独では同じ読み）	外しても読みが変わらない
削除	試み	こころみ	8376		v3 で不要（今の辞書でも単独では同じ読み）	外しても読みが変わらない
削除	田	た	13376		v3 で不要（接続表の偏りの穴埋め）	外しても読みが変わらない
削除	話している	はなしている	8376		v3 で不要（接続表の偏りの穴埋め）	外しても読みが変わらない
削除	空気	くうき	-14624		v3 で不要（今の辞書でも単独では同じ読み）	外しても読みが変わらない
削除	入る	はいる	10376		v3 で不要（今の辞書でも単独では同じ読み）	外しても読みが変わらない
削除	城下町	じょうかまち	5376		v3 で不要（今の辞書でも単独では同じ読み）	外しても読みが変わらない
削除	役立って	やくだって	8376		v3 で不要（接続表の偏りの穴埋め）	外しても読みが変わらない
削除	会場	かいじょう	-2624		v3 で不要（今の辞書でも単独では同じ読み）	外しても読みが変わらない
削除	実感	じっかん	2376		v3 で不要（今の辞書でも単独では同じ読み）	外しても読みが変わらない
追加	水道管	すいどうかん		2376		水道 の行の置き換え（#47）
追加	一日中	いちにちじゅう		-14624		一日中家にいた→いちにちなかや を直す（#41）
