# user-lex.csv の各行の分類（reports/2026-10-reading-audit.md）。列: 行番号, 表層, 読み, コスト, 分類, 今の辞書で単独の読み, v3 で単独の読み, 備考
1	かき氷	かきごおり	-20000	v3 で不要（接続表の偏りの穴埋め）	かきこおり	かきごおり	
2	夜空	よぞら	-20000	v3 で不要（接続表の偏りの穴埋め）	よるそら	よぞら	
3	背中	せなか	-20000	v3 で不要（接続表の偏りの穴埋め）	せじゅう	せなか	
4	提灯	ちょうちん	-20000	v3 で不要（今の辞書でも単独では同じ読み）	ちょうちん	ちょうちん	
5	大会	たいかい	-20000	v3 で不要（接続表の偏りの穴埋め）	おおかい	たいかい	
6	屋台	やたい	-20000	v3 で不要（今の辞書でも単独では同じ読み）	やたい	やたい	
7	金魚	きんぎょ	-20000	v3 で不要（今の辞書でも単独では同じ読み）	きんぎょ	きんぎょ	
8	牛乳	ぎゅうにゅう	-20000	v3 で不要（接続表の偏りの穴埋め）	うしちち	ぎゅうにゅう	
9	職人	しょくにん	-20000	v3 で不要（接続表の偏りの穴埋め）	しょくじん	しょくにん	
10	海図	かいず	-20000	v3 で不要（接続表の偏りの穴埋め）	うみず	かいず	
11	通過	つうか	-3000	v3 で不要（今の辞書でも単独では同じ読み）	つうか	つうか	
12	人波	ひとなみ	-20000	v3 で不要（今の辞書でも単独では同じ読み）	ひとなみ	ひとなみ	
13	荷物	にもつ	-20000	v3 で不要（今の辞書でも単独では同じ読み）	にもつ	にもつ	
14	線香花火	せんこうはなび	-20000	v3 で不要（接続表の偏りの穴埋め）	せんこうかひ	せんこうはなび	
15	ほおずき市	ほおずきいち	-20000	v3 でも必要	ほおずきし	ほおずきし	v3 の単独の読み: ほおずきし
16	買っ	かっ	-20000	v3 で不要（接続表の偏りの穴埋め）	かいっ	かっ	
17	追って	おって	-20000	v3 で不要（接続表の偏りの穴埋め）	ついって	おって	
18	追った	おった	-20000	v3 で不要（接続表の偏りの穴埋め）	ついった	おった	
19	追ったい	おったい	-20000	削除（壊れた活用）	ついったい	おったい	「〜っます」「〜ったい」は日本語として成り立たない
20	追っます	おっます	-20000	削除（壊れた活用）	ついっます	おっます	「〜っます」「〜ったい」は日本語として成り立たない
21	追っない	おっない	-20000	削除（壊れた活用）	ついっない	おっない	「〜っます」「〜ったい」は日本語として成り立たない
22	浸かっ	つかっ	-20000	v3 で不要（接続表の偏りの穴埋め）	しとむかっ	つかっ	
23	拾って	ひろって	-20000	v3 で不要（接続表の偏りの穴埋め）	じゅうって	ひろって	
24	拾った	ひろった	-20000	v3 で不要（今の辞書でも単独では同じ読み）	ひろった	ひろった	
25	拾ったい	ひろったい	-20000	削除（壊れた活用）	ひろったい	ひろったい	「〜っます」「〜ったい」は日本語として成り立たない
26	拾っます	ひろっます	-20000	削除（壊れた活用）	ひろっます	ひろっます	「〜っます」「〜ったい」は日本語として成り立たない
27	拾っない	ひろっない	-20000	削除（壊れた活用）	ひろっない	ひろっない	「〜っます」「〜ったい」は日本語として成り立たない
28	光っ	ひかっ	-20000	v3 でも必要	ひかりっ	ひかりっ	v3 の単独の読み: ひかりっ
29	駆ける	かける	6000	v3 で不要（接続表の偏りの穴埋め）	かけるける	かける	
30	閉まる	しまる	-20000	v3 で不要（接続表の偏りの穴埋め）	へいまる	しまる	
31	香る	かおる	-20000	v3 で不要（接続表の偏りの穴埋め）	こうる	かおる	
32	待ち伏せる	まちぶせる	-20000	v3 でも必要	まちふせる	まちふせる	v3 の単独の読み: まちふせる
33	な	な	7500	v3 で不要（今の辞書でも単独では同じ読み）	な	な	
34	無い	ない	2000	v3 で不要（今の辞書でも単独では同じ読み）	ない	ない	
35	楽し	たのし	-10000	v3 で不要（接続表の偏りの穴埋め）	らくし	たのし	
36	冷た	つめた	0	v3 でも必要	さめた	さめた	v3 の単独の読み: さめた
37	星	ほし	3000	v3 で不要（接続表の偏りの穴埋め）	ぼし	ほし	
38	港	みなと	3000	v3 で不要（今の辞書でも単独では同じ読み）	みなと	みなと	
39	殺し	ころし	4000	v3 で不要（接続表の偏りの穴埋め）	ごろし	ころし	
40	直し	なおし	5000	v3 で不要（今の辞書でも単独では同じ読み）	なおし	なおし	
41	空港	くうこう	-20000	v3 で不要（接続表の偏りの穴埋め）	そらこう	くうこう	
42	大会社	だいがいしゃ	-20000	v3 でも必要	おおかいしゃ	だいかいしゃ	v3 の単独の読み: だいかいしゃ
43	閉まり	しまり	3000	v3 で不要（接続表の偏りの穴埋め）	へいまり	しまり	
44	閉まっ	しまっ	-20000	v3 で不要（接続表の偏りの穴埋め）	へいまっ	しまっ	
45	泣く	なく	10000	v3 で不要（接続表の偏りの穴埋め）	なきく	なく	
46	聞き	きき	3000	v3 で不要（接続表の偏りの穴埋め）	きくき	きき	
47	の中で	のなかで	-20000	v3 で不要（接続表の偏りの穴埋め）	のちゅうで	のなかで	
48	の中に	のなかに	-20000	v3 で不要（接続表の偏りの穴埋め）	のちゅうに	のなかに	
49	の中を	のなかを	-20000	v3 で不要（接続表の偏りの穴埋め）	のちゅうを	のなかを	
50	の中は	のなかは	-20000	v3 で不要（接続表の偏りの穴埋め）	のちゅうは	のなかは	
51	の中が	のなかが	-20000	v3 で不要（接続表の偏りの穴埋め）	のちゅうが	のなかが	
52	の中も	のなかも	-20000	v3 で不要（接続表の偏りの穴埋め）	のちゅうも	のなかも	
53	の中と	のなかと	-20000	v3 で不要（接続表の偏りの穴埋め）	のちゅうと	のなかと	
54	の中の	のなかの	-20000	v3 で不要（接続表の偏りの穴埋め）	のちゅうの	のなかの	
55	の中から	のなかから	-20000	v3 で不要（今の辞書でも単独では同じ読み）	のなかから	のなかから	
56	の中まで	のなかまで	-20000	v3 で不要（接続表の偏りの穴埋め）	のちゅうまで	のなかまで	
57	の中だ	のなかだ	-20000	v3 で不要（今の辞書でも単独では同じ読み）	のなかだ	のなかだ	
58	な中で	ななかで	-20000	v3 で不要（接続表の偏りの穴埋め）	なじゅうで	ななかで	
59	な中に	ななかに	-20000	v3 で不要（接続表の偏りの穴埋め）	なじゅうに	ななかに	
60	な中を	ななかを	-20000	v3 で不要（接続表の偏りの穴埋め）	なじゅうを	ななかを	
61	な中は	ななかは	-20000	v3 で不要（接続表の偏りの穴埋め）	なちゅうは	ななかは	
62	な中が	ななかが	-20000	v3 で不要（接続表の偏りの穴埋め）	なじゅうが	ななかが	
63	な中も	ななかも	-20000	v3 で不要（接続表の偏りの穴埋め）	なちゅうも	ななかも	
64	な中と	ななかと	-20000	v3 で不要（接続表の偏りの穴埋め）	なじゅうと	ななかと	
65	な中の	ななかの	-20000	v3 で不要（接続表の偏りの穴埋め）	なじゅうの	ななかの	
66	な中から	ななかから	-20000	v3 で不要（接続表の偏りの穴埋め）	なじゅうから	ななかから	
67	な中まで	ななかまで	-20000	v3 で不要（接続表の偏りの穴埋め）	なじゅうまで	ななかまで	
68	な中だ	ななかだ	-20000	v3 で不要（接続表の偏りの穴埋め）	なじゅうだ	ななかだ	
69	入って	はいって	-20000	v3 で不要（接続表の偏りの穴埋め）	いりって	はいって	
70	入った	はいった	-20000	v3 で不要（今の辞書でも単独では同じ読み）	はいった	はいった	
71	入ったい	はいったい	-20000	削除（壊れた活用）	はいったい	はいったい	「〜っます」「〜ったい」は日本語として成り立たない
72	入っます	はいっます	-20000	削除（壊れた活用）	はいっます	はいっます	「〜っます」「〜ったい」は日本語として成り立たない
73	入っない	はいっない	-20000	削除（壊れた活用）	はいっない	はいっない	「〜っます」「〜ったい」は日本語として成り立たない
74	気に入っ	きにいっ	-20000	v3 でも必要	きにはいっ	きにはいっ	v3 の単独の読み: きにはいっ
75	手に入っ	てにいっ	-20000	削除（読みが誤り）	てにはいっ	てにはいっ	標準は てにはいる
76	目に入っ	めにいっ	-20000	削除（読みが誤り）	めにはいっ	めにはいっ	標準は めにはいる
77	耳に入っ	みみにいっ	-20000	削除（読みが誤り）	みみにはいっ	みみにはいっ	標準は みみにはいる
78	肝に入っ	きもにいっ	-20000	削除（読みが誤り）	かんにはいっ	きもにはいっ	慣用句として存在しない
79	間に入っ	まにいっ	-20000	削除（読みが誤り）	まにはいっ	まにはいっ	あいだにはいる が普通。あっという間に入っ→…まにいっ
80	立ち入っ	たちいっ	-20000	v3 で不要（接続表の偏りの穴埋め）	たちいりっ	たちいっ	
81	飛び入っ	とびいっ	-20000	v3 で不要（今の辞書でも単独では同じ読み）	とびいっ	とびいっ	
82	割り入っ	わりいっ	-20000	v3 で不要（今の辞書でも単独では同じ読み）	わりいっ	わりいっ	
83	折り入っ	おりいっ	-20000	v3 で不要（今の辞書でも単独では同じ読み）	おりいっ	おりいっ	
84	買い入っ	かいいっ	-20000	v3 で不要（接続表の偏りの穴埋め）	かいいりっ	かいいっ	
85	食い入っ	くいいっ	-20000	v3 で不要（接続表の偏りの穴埋め）	くいいりっ	くいいっ	
86	込み入っ	こみいっ	-20000	v3 で不要（今の辞書でも単独では同じ読み）	こみいっ	こみいっ	
87	踏み入っ	ふみいっ	-20000	v3 で不要（今の辞書でも単独では同じ読み）	ふみいっ	ふみいっ	
88	聞き入っ	ききいっ	-20000	v3 で不要（今の辞書でも単独では同じ読み）	ききいっ	ききいっ	
89	見入っ	みいっ	-20000	v3 で不要（今の辞書でも単独では同じ読み）	みいっ	みいっ	
90	溶け入っ	とけいっ	-20000	v3 で不要（今の辞書でも単独では同じ読み）	とけいっ	とけいっ	
91	受け入っ	うけいっ	-20000	削除（存在しない語）	うけはいっ	うけはいっ	「〜入る」の機械的な展開。複合動詞として使われない
92	差し入っ	さしいっ	-20000	v3 で不要（今の辞書でも単独では同じ読み）	さしいっ	さしいっ	
93	迎え入っ	むかえいっ	-20000	v3 で不要（接続表の偏りの穴埋め）	むかえいりっ	むかえいっ	
94	取り入っ	とりいっ	-20000	v3 で不要（今の辞書でも単独では同じ読み）	とりいっ	とりいっ	
95	引き入っ	ひきいっ	-20000	v3 で不要（今の辞書でも単独では同じ読み）	ひきいっ	ひきいっ	
96	投げ入っ	なげいっ	-20000	v3 で不要（接続表の偏りの穴埋め）	なげいりっ	なげいっ	
97	付け入っ	つけいっ	-20000	v3 で不要（接続表の偏りの穴埋め）	づけいりっ	つけいっ	
98	打ち入っ	うちいっ	-20000	v3 で不要（接続表の偏りの穴埋め）	うちいりっ	うちいっ	
99	組み入っ	くみいっ	-20000	削除（存在しない語）	くみいりっ	くみはいっ	「〜入る」の機械的な展開。複合動詞として使われない
100	吸い入っ	すいいっ	-20000	削除（存在しない語）	すいいりっ	すいはいっ	「〜入る」の機械的な展開。複合動詞として使われない
101	縫い入っ	ぬいいっ	-20000	v3 で不要（接続表の偏りの穴埋め）	ぬいいりっ	ぬいいっ	
102	思い入っ	おもいいっ	-20000	v3 で不要（今の辞書でも単独では同じ読み）	おもいいっ	おもいいっ	
103	言い入っ	いいいっ	-20000	削除（存在しない語）	いいいりっ	いいはいっ	「〜入る」の機械的な展開。複合動詞として使われない
104	迷い入っ	まよいいっ	-20000	v3 で不要（今の辞書でも単独では同じ読み）	まよいいっ	まよいいっ	
105	申し入っ	もうしいっ	-20000	削除（存在しない語）	もうしいりっ	もうしはいっ	「〜入る」の機械的な展開。複合動詞として使われない
106	盛り入っ	もりいっ	-20000	v3 で不要（接続表の偏りの穴埋め）	もりいりっ	もりいっ	
107	走り入っ	はしりいっ	-20000	削除（存在しない語）	はしりいりっ	はしりはいっ	「〜入る」の機械的な展開。複合動詞として使われない
108	追い入っ	おいいっ	-20000	削除（存在しない語）	ついいいりっ	おいはいっ	「〜入る」の機械的な展開。複合動詞として使われない
109	寝入っ	ねいっ	-20000	v3 で不要（今の辞書でも単独では同じ読み）	ねいっ	ねいっ	
110	勢い入っ	いきおいいっ	-20000	v3 で不要（今の辞書でも単独では同じ読み）	いきおいいっ	いきおいいっ	
111	這入っ	はいいっ	-20000	削除（読みが誤り）	はいっ	はいっ	這入る は はいる と読む（はいいる は誤り）
112	根付い入っ	ねづいいっ	-20000	削除（存在しない語）	ねづいはいっ	ねづいはいっ	「〜入る」の機械的な展開。複合動詞として使われない
113	近寄り入っ	ちかよりいっ	-20000	v3 で不要（接続表の偏りの穴埋め）	ちかよりいりっ	ちかよりいっ	
114	気に入る	きにいる	-20000	v3 でも必要	きにはいる	きにはいる	v3 の単独の読み: きにはいる
115	手に入る	てにいる	-20000	削除（読みが誤り）	てにはいる	てにはいる	標準は てにはいる
116	目に入る	めにいる	-20000	削除（読みが誤り）	めにはいる	めにはいる	標準は めにはいる
117	耳に入る	みみにいる	-20000	削除（読みが誤り）	みみにはいる	みみにはいる	標準は みみにはいる
118	肝に入る	きもにいる	-20000	削除（読みが誤り）	かんにはいる	きもにはいる	慣用句として存在しない
119	間に入る	まにいる	-20000	削除（読みが誤り）	まにはいる	まにはいる	あいだにはいる が普通
120	立ち入る	たちいる	-20000	v3 で不要（今の辞書でも単独では同じ読み）	たちいる	たちいる	
121	飛び入る	とびいる	-20000	v3 でも必要	とびはいる	とびはいる	v3 の単独の読み: とびはいる
122	割り入る	わりいる	-20000	削除（存在しない語）	わりはいる	わりはいる	「〜入る」の機械的な展開。複合動詞として使われない
123	折り入る	おりいる	-20000	v3 で不要（今の辞書でも単独では同じ読み）	おりいる	おりいる	
124	買い入る	かいいる	-20000	削除（存在しない語）	かいはいる	かいはいる	「〜入る」の機械的な展開。複合動詞として使われない
125	食い入る	くいいる	-20000	v3 で不要（今の辞書でも単独では同じ読み）	くいいる	くいいる	
126	込み入る	こみいる	-20000	v3 で不要（今の辞書でも単独では同じ読み）	こみいる	こみいる	
127	踏み入る	ふみいる	-20000	v3 でも必要	ふみはいる	ふみはいる	v3 の単独の読み: ふみはいる
128	聞き入る	ききいる	-20000	v3 で不要（今の辞書でも単独では同じ読み）	ききいる	ききいる	
129	見入る	みいる	-20000	v3 で不要（今の辞書でも単独では同じ読み）	みいる	みいる	
130	溶け入る	とけいる	-20000	v3 で不要（今の辞書でも単独では同じ読み）	とけいる	とけいる	
131	受け入る	うけいる	-20000	削除（存在しない語）	うけはいる	うけはいる	「〜入る」の機械的な展開。複合動詞として使われない
132	差し入る	さしいる	-20000	削除（存在しない語）	さしはいる	さしはいる	「〜入る」の機械的な展開。複合動詞として使われない
133	迎え入る	むかえいる	-20000	削除（存在しない語）	むかえはいる	むかえはいる	「〜入る」の機械的な展開。複合動詞として使われない
134	取り入る	とりいる	-20000	v3 で不要（接続表の偏りの穴埋め）	とりはいる	とりいる	
135	引き入る	ひきいる	-20000	v3 で不要（今の辞書でも単独では同じ読み）	ひきいる	ひきいる	
136	投げ入る	なげいる	-20000	削除（存在しない語）	なげはいる	なげはいる	「〜入る」の機械的な展開。複合動詞として使われない
137	付け入る	つけいる	-20000	v3 で不要（接続表の偏りの穴埋め）	づけはいる	つけいる	
138	打ち入る	うちいる	-20000	削除（存在しない語）	うちはいる	うちはいる	「〜入る」の機械的な展開。複合動詞として使われない
139	組み入る	くみいる	-20000	削除（存在しない語）	くみはいる	くみはいる	「〜入る」の機械的な展開。複合動詞として使われない
140	吸い入る	すいいる	-20000	削除（存在しない語）	すいはいる	すいはいる	「〜入る」の機械的な展開。複合動詞として使われない
141	縫い入る	ぬいいる	-20000	削除（存在しない語）	ぬいはいる	ぬいはいる	「〜入る」の機械的な展開。複合動詞として使われない
142	思い入る	おもいいる	-20000	v3 で不要（今の辞書でも単独では同じ読み）	おもいいる	おもいいる	
143	言い入る	いいいる	-20000	削除（存在しない語）	いいはいる	いいはいる	「〜入る」の機械的な展開。複合動詞として使われない
144	迷い入る	まよいいる	-20000	v3 で不要（今の辞書でも単独では同じ読み）	まよいいる	まよいいる	
145	申し入る	もうしいる	-20000	削除（存在しない語）	もうしはいる	もうしはいる	「〜入る」の機械的な展開。複合動詞として使われない
146	盛り入る	もりいる	-20000	削除（存在しない語）	もりはいる	もりはいる	「〜入る」の機械的な展開。複合動詞として使われない
147	走り入る	はしりいる	-20000	削除（存在しない語）	はしりはいる	はしりはいる	「〜入る」の機械的な展開。複合動詞として使われない
148	追い入る	おいいる	-20000	削除（存在しない語）	ついいはいる	おいはいる	「〜入る」の機械的な展開。複合動詞として使われない
149	寝入る	ねいる	-20000	v3 で不要（今の辞書でも単独では同じ読み）	ねいる	ねいる	
150	勢い入る	いきおいいる	-20000	削除（存在しない語）	いきおいはいる	いきおいはいる	「〜入る」の機械的な展開。複合動詞として使われない
151	這入る	はいいる	-20000	削除（読みが誤り）	はいる	はいる	這入る は はいる と読む（はいいる は誤り）
152	根付い入る	ねづいいる	-20000	削除（存在しない語）	ねづいはいる	ねづいはいる	「〜入る」の機械的な展開。複合動詞として使われない
153	近寄り入る	ちかよりいる	-20000	削除（存在しない語）	ちかよりはいる	ちかよりはいる	「〜入る」の機械的な展開。複合動詞として使われない
154	筑紫野	ちくしの	-20000	v3 で不要（接続表の偏りの穴埋め）	ちくしや	ちくしの	
155	多く	おおく	3000	v3 で不要（今の辞書でも単独では同じ読み）	おおく	おおく	
156	花	はな	4000	v3 で不要（接続表の偏りの穴埋め）	ばな	はな	
157	飛ぶ	とぶ	3000	v3 で不要（今の辞書でも単独では同じ読み）	とぶ	とぶ	
158	触れ	ふれ	2000	v3 で不要（今の辞書でも単独では同じ読み）	ふれ	ふれ	
159	書が	しょが	-5000	削除（巻き込み）	がきが	しょが	〜書+助詞 を1語にする行。司書に→つかさ+しょに・図書か→ずかか 等、〜書で終わる語の後ろを割る
160	書を	しょを	-5000	削除（巻き込み）	しょを	しょを	〜書+助詞 を1語にする行。司書に→つかさ+しょに・図書か→ずかか 等、〜書で終わる語の後ろを割る
161	書に	しょに	-5000	削除（巻き込み）	がきに	しょに	〜書+助詞 を1語にする行。司書に→つかさ+しょに・図書か→ずかか 等、〜書で終わる語の後ろを割る
162	書の	しょの	-5000	削除（巻き込み）	しょの	しょの	〜書+助詞 を1語にする行。司書に→つかさ+しょに・図書か→ずかか 等、〜書で終わる語の後ろを割る
163	書は	しょは	-5000	削除（巻き込み）	しょは	しょは	〜書+助詞 を1語にする行。司書に→つかさ+しょに・図書か→ずかか 等、〜書で終わる語の後ろを割る
164	書も	しょも	-5000	削除（巻き込み）	しょも	しょも	〜書+助詞 を1語にする行。司書に→つかさ+しょに・図書か→ずかか 等、〜書で終わる語の後ろを割る
165	書と	しょと	-5000	削除（巻き込み）	しょと	しょと	〜書+助詞 を1語にする行。司書に→つかさ+しょに・図書か→ずかか 等、〜書で終わる語の後ろを割る
166	書で	しょで	-5000	削除（巻き込み）	がきで	しょで	〜書+助詞 を1語にする行。司書に→つかさ+しょに・図書か→ずかか 等、〜書で終わる語の後ろを割る
167	書へ	しょへ	-5000	削除（巻き込み）	しょへ	しょへ	〜書+助詞 を1語にする行。司書に→つかさ+しょに・図書か→ずかか 等、〜書で終わる語の後ろを割る
168	書から	しょから	-5000	削除（巻き込み）	がきから	しょから	〜書+助詞 を1語にする行。司書に→つかさ+しょに・図書か→ずかか 等、〜書で終わる語の後ろを割る
169	書まで	しょまで	-5000	削除（巻き込み）	しょまで	しょまで	〜書+助詞 を1語にする行。司書に→つかさ+しょに・図書か→ずかか 等、〜書で終わる語の後ろを割る
170	海苔	のり	4000	v3 で不要（接続表の偏りの穴埋め）	うみこけ	のり	
171	弁当	べんとう	-20000	v3 で不要（今の辞書でも単独では同じ読み）	べんとう	べんとう	
172	薬院	やくいん	-20000	v3 で不要（接続表の偏りの穴埋め）	くすりいん	やくいん	
173	駅前	えきまえ	-20000	v3 で不要（接続表の偏りの穴埋め）	えきぜん	えきまえ	
174	風	かぜ	3000	v3 で不要（今の辞書でも単独では同じ読み）	かぜ	かぜ	
175	姿勢	しせい	-20000	v3 で不要（今の辞書でも単独では同じ読み）	しせい	しせい	
176	問わ	とわ	3000	v3 で不要（接続表の偏りの穴埋め）	といわ	とわ	
177	街	まち	4000	v3 で不要（今の辞書でも単独では同じ読み）	まち	まち	
178	あめ玉	あめだま	3000	v3 でも必要	あめたま	あめたま	v3 の単独の読み: あめたま
179	売っ	うっ	4000	v3 で不要（接続表の偏りの穴埋め）	うりっ	うっ	
180	犬が	いぬが	-20000	v3 で不要（今の辞書でも単独では同じ読み）	いぬが	いぬが	
181	犬を	いぬを	-20000	v3 で不要（今の辞書でも単独では同じ読み）	いぬを	いぬを	
182	犬に	いぬに	-20000	v3 で不要（今の辞書でも単独では同じ読み）	いぬに	いぬに	
183	犬の	いぬの	-20000	v3 で不要（今の辞書でも単独では同じ読み）	いぬの	いぬの	
184	犬は	いぬは	-20000	v3 で不要（今の辞書でも単独では同じ読み）	いぬは	いぬは	
185	犬も	いぬも	-20000	v3 で不要（今の辞書でも単独では同じ読み）	いぬも	いぬも	
186	犬と	いぬと	-20000	v3 で不要（今の辞書でも単独では同じ読み）	いぬと	いぬと	
187	犬で	いぬで	-20000	v3 で不要（今の辞書でも単独では同じ読み）	いぬで	いぬで	
188	犬へ	いぬへ	-20000	v3 で不要（今の辞書でも単独では同じ読み）	いぬへ	いぬへ	
189	犬から	いぬから	-20000	v3 で不要（今の辞書でも単独では同じ読み）	いぬから	いぬから	
190	犬まで	いぬまで	-20000	v3 で不要（今の辞書でも単独では同じ読み）	いぬまで	いぬまで	
191	一	いち	3000	削除（巻き込み）	いっ	いち	1字の裸登録（コスト3000）。一体→いちたい・一同→いちどう・一匹→いちぴき・一寸法師→いちすんぼうし
192	夢	ゆめ	6000	v3 で不要（今の辞書でも単独では同じ読み）	ゆめ	ゆめ	
193	辛	から	6000	v3 でも必要	つら	しん	v3 の単独の読み: しん
194	熊が	くまが	-20000	v3 で不要（今の辞書でも単独では同じ読み）	くまが	くまが	
195	熊を	くまを	-20000	v3 で不要（接続表の偏りの穴埋め）	ぐまを	くまを	
196	熊に	くまに	-20000	v3 で不要（接続表の偏りの穴埋め）	ぐまに	くまに	
197	熊の	くまの	-20000	v3 で不要（接続表の偏りの穴埋め）	ぐまの	くまの	
198	熊は	くまは	-20000	v3 で不要（接続表の偏りの穴埋め）	ぐまは	くまは	
199	熊も	くまも	-20000	v3 で不要（接続表の偏りの穴埋め）	ぐまも	くまも	
200	熊と	くまと	-20000	v3 で不要（接続表の偏りの穴埋め）	ぐまと	くまと	
201	熊で	くまで	-20000	v3 で不要（接続表の偏りの穴埋め）	ぐまで	くまで	
202	熊へ	くまへ	-20000	v3 で不要（接続表の偏りの穴埋め）	ぐまへ	くまへ	
203	熊から	くまから	-20000	v3 で不要（接続表の偏りの穴埋め）	ぐまから	くまから	
204	熊まで	くままで	-20000	v3 で不要（接続表の偏りの穴埋め）	ぐままで	くままで	
205	実現	じつげん	-20000	v3 で不要（今の辞書でも単独では同じ読み）	じつげん	じつげん	
206	合っ	あっ	5000	v3 で不要（接続表の偏りの穴埋め）	ごうっ	あっ	
207	中洲	なかす	-20000	v3 で不要（接続表の偏りの穴埋め）	ちゅうしゅう	なかす	
208	花火	はなび	-20000	v3 で不要（今の辞書でも単独では同じ読み）	はなび	はなび	
209	上がる	あがる	5000	v3 で不要（接続表の偏りの穴埋め）	うえがる	あがる	
210	解決	かいけつ	-20000	v3 で不要（今の辞書でも単独では同じ読み）	かいけつ	かいけつ	
211	良い	よい	3000	v3 で不要（今の辞書でも単独では同じ読み）	よい	よい	
212	春日	かすが	-20000	削除（巻き込み）	はるひ	かすが	地名カスガの強制（-20000）。小春日和→しょう+かすが+わ
213	町	まち	3000	v3 で不要（今の辞書でも単独では同じ読み）	まち	まち	
214	乗せ	のせ	5000	v3 で不要（今の辞書でも単独では同じ読み）	のせ	のせ	
215	スムージー	すむーじー	3000	v3 で不要（今の辞書でも単独では同じ読み）	すむーじー	すむーじー	
216	試し	ためし	4000	v3 で不要（今の辞書でも単独では同じ読み）	ためし	ためし	
217	衣	ころも	4000	v3 でも必要	い	い	v3 の単独の読み: い
218	変わる	かわる	7000	v3 で不要（接続表の偏りの穴埋め）	へんわる	かわる	
219	地面	じめん	-20000	v3 で不要（接続表の偏りの穴埋め）	ちめん	じめん	
220	難しい	むずかしい	-20000	v3 で不要（今の辞書でも単独では同じ読み）	むずかしい	むずかしい	
221	一部	いちぶ	-20000	v3 で不要（接続表の偏りの穴埋め）	いっぶ	いちぶ	
222	追わ	おわ	3000	v3 で不要（接続表の偏りの穴埋め）	ついわ	おわ	
223	桜	さくら	3000	v3 で不要（今の辞書でも単独では同じ読み）	さくら	さくら	
224	唐揚げ	からあげ	3000	v3 で不要（接続表の偏りの穴埋め）	からあげげ	からあげ	
225	姪浜	めいのはま	-20000	v3 で不要（接続表の偏りの穴埋め）	めいはま	めいのはま	
226	筑紫丘	ちくしがおか	-20000	v3 でも必要	ちくしおか	ちくしおか	v3 の単独の読み: ちくしおか
227	西新	にしじん	8000	v3 で不要（接続表の偏りの穴埋め）	にししん	にしじん	
228	蒲焼	かばやき	-20000	削除（巻き込み）	かばのやき	かばやき	送り仮名なしの強制（-20000）。蒲焼き→かばやき+き（き が二重になる）
229	飲み物	のみもの	3000	v3 で不要（今の辞書でも単独では同じ読み）	のみもの	のみもの	
230	巻い	まい	5000	v3 で不要（接続表の偏りの穴埋め）	まきい	まい	
231	鹿の角	しかのつの	-20000	v3 で不要（接続表の偏りの穴埋め）	しかのかど	しかのつの	
232	近づく	ちかづく	3000	v3 で不要（接続表の偏りの穴埋め）	きんづく	ちかづく	
233	日程	にってい	-20000	v3 で不要（接続表の偏りの穴埋め）	ひほど	にってい	
234	役立つ	やくだつ	-20000	v3 で不要（接続表の偏りの穴埋め）	やくりつつ	やくだつ	
235	天神橋	てんじんばし	-20000	v3 で不要（接続表の偏りの穴埋め）	てんじんはし	てんじんばし	
236	水道橋	すいどうばし	-20000	v3 で不要（接続表の偏りの穴埋め）	みずみちはし	すいどうばし	
237	大名	だいみょう	-20000	v3 で不要（接続表の偏りの穴埋め）	おおな	だいみょう	
238	行っ	いっ	-1000	v3 で不要（接続表の偏りの穴埋め）	ぎょうっ	いっ	
239	屋敷が	やしきが	-20000	v3 で不要（今の辞書でも単独では同じ読み）	やしきが	やしきが	
240	屋敷を	やしきを	-20000	v3 で不要（今の辞書でも単独では同じ読み）	やしきを	やしきを	
241	屋敷に	やしきに	-20000	v3 で不要（今の辞書でも単独では同じ読み）	やしきに	やしきに	
242	屋敷の	やしきの	-20000	v3 で不要（今の辞書でも単独では同じ読み）	やしきの	やしきの	
243	屋敷は	やしきは	-20000	v3 で不要（今の辞書でも単独では同じ読み）	やしきは	やしきは	
244	屋敷も	やしきも	-20000	v3 で不要（今の辞書でも単独では同じ読み）	やしきも	やしきも	
245	屋敷と	やしきと	-20000	v3 で不要（今の辞書でも単独では同じ読み）	やしきと	やしきと	
246	屋敷で	やしきで	-20000	v3 で不要（今の辞書でも単独では同じ読み）	やしきで	やしきで	
247	屋敷へ	やしきへ	-20000	v3 で不要（今の辞書でも単独では同じ読み）	やしきへ	やしきへ	
248	屋敷から	やしきから	-20000	v3 で不要（今の辞書でも単独では同じ読み）	やしきから	やしきから	
249	屋敷まで	やしきまで	-20000	v3 で不要（今の辞書でも単独では同じ読み）	やしきまで	やしきまで	
250	彩っ	いろどっ	3000	v3 で不要（接続表の偏りの穴埋め）	あやっ	いろどっ	
251	いなり寿司	いなりずし	3000	v3 でも必要	いなりすし	いなりすし	v3 の単独の読み: いなりすし
252	食感	しょっかん	-20000	v3 で不要（接続表の偏りの穴埋め）	しょくかん	しょっかん	
253	温まり	あたたまり	3000	v3 で不要（接続表の偏りの穴埋め）	ぬるまり	あたたまり	
254	群れる	むれる	3000	v3 で不要（接続表の偏りの穴埋め）	ぐんれる	むれる	
255	理解	りかい	-20000	v3 で不要（今の辞書でも単独では同じ読み）	りかい	りかい	
256	作っ	つくっ	-20000	v3 で不要（接続表の偏りの穴埋め）	さくっ	つくっ	
257	書き	かき	6000	v3 で不要（今の辞書でも単独では同じ読み）	かき	かき	
258	言葉	ことば	7000	v3 で不要（接続表の偏りの穴埋め）	げんは	ことば	
259	作成	さくせい	-20000	v3 で不要（今の辞書でも単独では同じ読み）	さくせい	さくせい	
260	気	き	4000	v3 で不要（今の辞書でも単独では同じ読み）	き	き	
261	中心	ちゅうしん	-20000	v3 で不要（今の辞書でも単独では同じ読み）	ちゅうしん	ちゅうしん	
262	説明	せつめい	1000	v3 で不要（今の辞書でも単独では同じ読み）	せつめい	せつめい	
263	朝市	あさいち	-20000	v3 で不要（接続表の偏りの穴埋め）	あさし	あさいち	
264	水道町	すいどうちょう	-20000	v3 で不要（接続表の偏りの穴埋め）	みずどうちょう	すいどうちょう	
265	中津	なかつ	-20000	v3 で不要（今の辞書でも単独では同じ読み）	なかつ	なかつ	
266	跡	あと	3000	v3 で不要（接続表の偏りの穴埋め）	せき	あと	
267	川端	かわばた	-20000	v3 で不要（今の辞書でも単独では同じ読み）	かわばた	かわばた	
268	築地	つきじ	3000	v3 で不要（今の辞書でも単独では同じ読み）	つきじ	つきじ	
269	建造	けんぞう	-20000	v3 で不要（今の辞書でも単独では同じ読み）	けんぞう	けんぞう	
270	光	ひかり	7000	v3 で不要（接続表の偏りの穴埋め）	こう	ひかり	
271	彩る	いろどる	3000	v3 で不要（接続表の偏りの穴埋め）	あやる	いろどる	
272	自然	しぜん	-20000	v3 で不要（今の辞書でも単独では同じ読み）	しぜん	しぜん	
273	粉	こな	3000	v3 で不要（今の辞書でも単独では同じ読み）	こな	こな	
274	音頭	おんど	-20000	v3 で不要（接続表の偏りの穴埋め）	おとあたま	おんど	
275	うな重	うなじゅう	3000	v3 で不要（接続表の偏りの穴埋め）	うなえ	うなじゅう	
276	はしご酒	はしござけ	3000	v3 で不要（接続表の偏りの穴埋め）	はしごしゅ	はしござけ	
277	待っ	まっ	3000	v3 で不要（接続表の偏りの穴埋め）	まちっ	まっ	
278	行き	いき	5000	v3 で不要（今の辞書でも単独では同じ読み）	いき	いき	
279	汁	しる	4000	v3 で不要（今の辞書でも単独では同じ読み）	しる	しる	
280	注い	そそい	5000	v3 でも必要	ちゅうい	つい	v3 の単独の読み: つい
281	静か	しずか	3000	v3 で不要（接続表の偏りの穴埋め）	しずかか	しずか	
282	注ぐ	そそぐ	3000	v3 でも必要	つぐ	つぐ	v3 の単独の読み: つぐ
283	目覚め	めざめ	3000	v3 で不要（今の辞書でも単独では同じ読み）	めざめ	めざめ	
284	熱帯	ねったい	-20000	v3 で不要（接続表の偏りの穴埋め）	ねつたい	ねったい	
285	使っ	つかっ	-5000	v3 で不要（接続表の偏りの穴埋め）	しっ	つかっ	
286	出し	だし	5000	v3 で不要（今の辞書でも単独では同じ読み）	だし	だし	
287	実行	じっこう	-20000	v3 で不要（接続表の偏りの穴埋め）	じっぎょう	じっこう	
288	本当	ほんとう	-20000	v3 でも必要	ほんと	ほんと	v3 の単独の読み: ほんと
289	未来	みらい	2000	v3 で不要（今の辞書でも単独では同じ読み）	みらい	みらい	
290	整っ	ととのっ	-20000	v3 で不要（接続表の偏りの穴埋め）	おさむっ	ととのっ	
291	達成	たっせい	-20000	v3 で不要（今の辞書でも単独では同じ読み）	たっせい	たっせい	
292	苦労	くろう	-20000	v3 で不要（今の辞書でも単独では同じ読み）	くろう	くろう	
293	完成	かんせい	-20000	v3 で不要（今の辞書でも単独では同じ読み）	かんせい	かんせい	
294	新	しん	5000	v3 で不要（接続表の偏りの穴埋め）	あたらし	しん	
295	作り	つくり	4000	v3 で不要（接続表の偏りの穴埋め）	づくり	つくり	
296	中道	なかみち	-20000	v3 で不要（接続表の偏りの穴埋め）	なかどう	なかみち	
297	中城	なかぐすく	-20000	v3 でも必要	なかじょう	なかじょう	v3 の単独の読み: なかじょう
298	本通り	ほんどおり	3000	v3 で不要（今の辞書でも単独では同じ読み）	ほんどおり	ほんどおり	
299	南通り	みなみどおり	3000	v3 でも必要	みなみとおり	みなみとおり	v3 の単独の読み: みなみとおり
300	東口	ひがしぐち	-20000	v3 で不要（接続表の偏りの穴埋め）	ひがしくち	ひがしぐち	
301	百道	ももじ	-20000	v3 で不要（接続表の偏りの穴埋め）	ひゃくどう	ももじ	
302	石畳	いしだたみ	2000	v3 で不要（今の辞書でも単独では同じ読み）	いしだたみ	いしだたみ	
303	空	そら	4000	v3 でも必要	から	から	v3 の単独の読み: から
304	熱気	ねっき	-20000	v3 で不要（接続表の偏りの穴埋め）	ねつき	ねっき	
305	味付け	あじつけ	-20000	v3 で不要（接続表の偏りの穴埋め）	あじづけ	あじつけ	
306	手羽	てば	-20000	v3 で不要（今の辞書でも単独では同じ読み）	てば	てば	
307	踊っ	おどっ	-8000	v3 で不要（接続表の偏りの穴埋め）	おどりっ	おどっ	
308	祭り	まつり	4000	v3 で不要（今の辞書でも単独では同じ読み）	まつり	まつり	
309	刺し	さし	8000	v3 で不要（接続表の偏りの穴埋め）	ざし	さし	
310	音楽	おんがく	-20000	v3 で不要（今の辞書でも単独では同じ読み）	おんがく	おんがく	
311	熱く	あつく	3000	v3 で不要（今の辞書でも単独では同じ読み）	あつく	あつく	
312	音	おと	3000	v3 で不要（今の辞書でも単独では同じ読み）	おと	おと	
313	乗っ	のっ	-1000	v3 で不要（接続表の偏りの穴埋め）	じょうっ	のっ	
314	食べ	たべ	6000	v3 で不要（接続表の偏りの穴埋め）	しょくべ	たべ	
315	氷売り	こおりうり	3000	v3 で不要（今の辞書でも単独では同じ読み）	こおりうり	こおりうり	
316	昆布	こんぶ	-20000	v3 でも必要	こぶ	こぶ	v3 の単独の読み: こぶ
317	塩気	しおけ	-20000	v3 で不要（接続表の偏りの穴埋め）	しおき	しおけ	
318	重なっ	かさなっ	3000	v3 で不要（接続表の偏りの穴埋め）	おもなっ	かさなっ	
319	待つ	まつ	3000	v3 で不要（今の辞書でも単独では同じ読み）	まつ	まつ	
320	灯が	あかりが	-20000	削除（巻き込み）	あかりが	あかりが	灯+助詞 を1語にする行。懐中電灯の→かいちゅうでん+あかりの・街灯の 等を割る
321	灯を	あかりを	-20000	削除（巻き込み）	あかりを	あかりを	灯+助詞 を1語にする行。懐中電灯の→かいちゅうでん+あかりの・街灯の 等を割る
322	灯に	あかりに	-20000	削除（巻き込み）	とうに	あかりに	灯+助詞 を1語にする行。懐中電灯の→かいちゅうでん+あかりの・街灯の 等を割る
323	灯の	あかりの	-20000	削除（巻き込み）	あかりの	あかりの	灯+助詞 を1語にする行。懐中電灯の→かいちゅうでん+あかりの・街灯の 等を割る
324	灯は	あかりは	-20000	削除（巻き込み）	あかりは	あかりは	灯+助詞 を1語にする行。懐中電灯の→かいちゅうでん+あかりの・街灯の 等を割る
325	灯も	あかりも	-20000	削除（巻き込み）	あかりも	あかりも	灯+助詞 を1語にする行。懐中電灯の→かいちゅうでん+あかりの・街灯の 等を割る
326	灯と	あかりと	-20000	削除（巻き込み）	とうと	あかりと	灯+助詞 を1語にする行。懐中電灯の→かいちゅうでん+あかりの・街灯の 等を割る
327	灯で	あかりで	-20000	削除（巻き込み）	あかりで	あかりで	灯+助詞 を1語にする行。懐中電灯の→かいちゅうでん+あかりの・街灯の 等を割る
328	灯へ	あかりへ	-20000	削除（巻き込み）	あかりへ	あかりへ	灯+助詞 を1語にする行。懐中電灯の→かいちゅうでん+あかりの・街灯の 等を割る
329	灯から	あかりから	-20000	削除（巻き込み）	あかりから	あかりから	灯+助詞 を1語にする行。懐中電灯の→かいちゅうでん+あかりの・街灯の 等を割る
330	灯まで	あかりまで	-20000	削除（巻き込み）	あかりまで	あかりまで	灯+助詞 を1語にする行。懐中電灯の→かいちゅうでん+あかりの・街灯の 等を割る
331	梅干し	うめぼし	3000	v3 で不要（接続表の偏りの穴埋め）	うめほし	うめぼし	
332	牛丼	ぎゅうどん	-20000	v3 で不要（接続表の偏りの穴埋め）	うしどん	ぎゅうどん	
333	三角	さんかく	-20000	v3 で不要（今の辞書でも単独では同じ読み）	さんかく	さんかく	
334	売り場	うりば	3000	v3 で不要（今の辞書でも単独では同じ読み）	うりば	うりば	
335	ほろ苦	ほろにが	4000	v3 で不要（接続表の偏りの穴埋め）	ほろく	ほろにが	
336	注が	そそが	4000	v3 でも必要	つが	ちゅうが	v3 の単独の読み: ちゅうが
337	癒し	いやし	4000	v3 で不要（今の辞書でも単独では同じ読み）	いやし	いやし	
338	登っ	のぼっ	5000	v3 で不要（接続表の偏りの穴埋め）	のぼるっ	のぼっ	
339	木の葉	このは	-20000	v3 で不要（接続表の偏りの穴埋め）	きのは	このは	
340	草食	そうしょく	-20000	v3 で不要（今の辞書でも単独では同じ読み）	そうしょく	そうしょく	
341	続く	つづく	6000	v3 で不要（今の辞書でも単独では同じ読み）	つづく	つづく	
342	書か	かか	-20000	v3 で不要（接続表の偏りの穴埋め）	がきか	かか	
343	開発	かいはつ	-20000	v3 で不要（今の辞書でも単独では同じ読み）	かいはつ	かいはつ	
344	管理	かんり	-20000	v3 で不要（今の辞書でも単独では同じ読み）	かんり	かんり	
345	正直	しょうじき	-20000	v3 で不要（接続表の偏りの穴埋め）	せいじか	しょうじき	
346	左右	さゆう	3000	v3 で不要（接続表の偏りの穴埋め）	ひだりみぎ	さゆう	
347	別物	べつもの	-20000	v3 で不要（接続表の偏りの穴埋め）	べつぶつ	べつもの	
348	使い	つかい	4000	v3 で不要（今の辞書でも単独では同じ読み）	つかい	つかい	
349	スキル	すきる	3000	v3 で不要（今の辞書でも単独では同じ読み）	すきる	すきる	
350	奥深	おくぶか	10000	v3 でも必要	おくしん	おくふか	v3 の単独の読み: おくふか
351	良	よ	5000	v3 でも必要	りょう	りょう	v3 の単独の読み: りょう
352	歩ん	あゆん	3000	v3 で不要（今の辞書でも単独では同じ読み）	あゆん	あゆん	
353	つまづい	つまづい	3000	v3 でも必要	つまずい	つまずい	v3 の単独の読み: つまずい
354	立つ	たつ	5000	v3 で不要（今の辞書でも単独では同じ読み）	たつ	たつ	
355	出し合っ	だしあっ	3000	v3 で不要（今の辞書でも単独では同じ読み）	だしあっ	だしあっ	
356	守っ	まもっ	-20000	v3 で不要（接続表の偏りの穴埋め）	まもるっ	まもっ	
357	発表	はっぴょう	-20000	v3 で不要（今の辞書でも単独では同じ読み）	はっぴょう	はっぴょう	
358	向かう	むかう	3000	v3 で不要（接続表の偏りの穴埋め）	むきかう	むかう	
359	言う	いう	3000	v3 でも必要	ゆう	ゆう	v3 の単独の読み: ゆう
360	人生	じんせい	-20000	v3 で不要（今の辞書でも単独では同じ読み）	じんせい	じんせい	
361	当日	とうじつ	-20000	v3 で不要（接続表の偏りの穴埋め）	あたりひ	とうじつ	
362	通し	とおし	5000	v3 で不要（今の辞書でも単独では同じ読み）	とおし	とおし	
363	ぜ	ぜ	7000	v3 で不要（接続表の偏りの穴埋め）	ぞ	ぜ	
364	若者	わかもの	-20000	v3 で不要（今の辞書でも単独では同じ読み）	わかもの	わかもの	
365	学びが	まなびが	-20000	v3 で不要（今の辞書でも単独では同じ読み）	まなびが	まなびが	
366	学びを	まなびを	-20000	v3 で不要（今の辞書でも単独では同じ読み）	まなびを	まなびを	
367	学びに	まなびに	-20000	v3 で不要（今の辞書でも単独では同じ読み）	まなびに	まなびに	
368	学びの	まなびの	-20000	v3 で不要（今の辞書でも単独では同じ読み）	まなびの	まなびの	
369	学びは	まなびは	-20000	v3 で不要（今の辞書でも単独では同じ読み）	まなびは	まなびは	
370	学びも	まなびも	-20000	v3 で不要（今の辞書でも単独では同じ読み）	まなびも	まなびも	
371	学びと	まなびと	-20000	v3 で不要（今の辞書でも単独では同じ読み）	まなびと	まなびと	
372	学びで	まなびで	-20000	v3 で不要（今の辞書でも単独では同じ読み）	まなびで	まなびで	
373	学びへ	まなびへ	-20000	v3 で不要（今の辞書でも単独では同じ読み）	まなびへ	まなびへ	
374	学びから	まなびから	-20000	v3 で不要（今の辞書でも単独では同じ読み）	まなびから	まなびから	
375	学びまで	まなびまで	-20000	v3 で不要（今の辞書でも単独では同じ読み）	まなびまで	まなびまで	
376	形	かたち	5000	v3 で不要（今の辞書でも単独では同じ読み）	かたち	かたち	
377	歴史	れきし	-20000	v3 で不要（今の辞書でも単独では同じ読み）	れきし	れきし	
378	玄界	げんかい	-20000	v3 で不要（接続表の偏りの穴埋め）	くろかい	げんかい	
379	温泉	おんせん	4000	v3 で不要（今の辞書でも単独では同じ読み）	おんせん	おんせん	
380	花園	はなぞの	4000	v3 で不要（今の辞書でも単独では同じ読み）	はなぞの	はなぞの	
381	東	ひがし	6000	v3 で不要（接続表の偏りの穴埋め）	あずま	ひがし	
382	北	きた	6000	v3 で不要（接続表の偏りの穴埋め）	きたの	きた	
383	春日原	かすがばる	-20000	v3 で不要（接続表の偏りの穴埋め）	はるひはら	かすがばる	
384	黒酢	くろず	-20000	v3 で不要（接続表の偏りの穴埋め）	くろす	くろず	
385	塩辛	しおから	6000	v3 で不要（今の辞書でも単独では同じ読み）	しおから	しおから	
386	天神	てんじん	-15000	v3 で不要（今の辞書でも単独では同じ読み）	てんじん	てんじん	
387	海岸	かいがん	-5000	v3 で不要（今の辞書でも単独では同じ読み）	かいがん	かいがん	
388	西口	にしぐち	-20000	v3 で不要（今の辞書でも単独では同じ読み）	にしぐち	にしぐち	
389	原町	はらまち	1000	v3 で不要（接続表の偏りの穴埋め）	げんまち	はらまち	
390	水道	すいどう	-20000	v3 で不要（接続表の偏りの穴埋め）	みずみち	すいどう	
391	朝顔	あさがお	-20000	v3 で不要（接続表の偏りの穴埋め）	あさかお	あさがお	
392	勝村	かつむら	-20000	v3 で不要（接続表の偏りの穴埋め）	がちむら	かつむら	
393	原野	げんや	4000	v3 でも必要	はらの	はらの	v3 の単独の読み: はらの
394	神宮	じんぐう	-20000	v3 で不要（今の辞書でも単独では同じ読み）	じんぐう	じんぐう	
395	漁港	ぎょこう	-20000	v3 で不要（今の辞書でも単独では同じ読み）	ぎょこう	ぎょこう	
396	小郡	おごおり	-20000	v3 で不要（接続表の偏りの穴埋め）	しょうぐん	おごおり	
397	河内	かわち	4000	v3 で不要（今の辞書でも単独では同じ読み）	かわち	かわち	
398	宮前	みやまえ	0	v3 で不要（今の辞書でも単独では同じ読み）	みやまえ	みやまえ	
399	北通り	きたどおり	3000	v3 でも必要	きたのとおり	きたとおり	v3 の単独の読み: きたとおり
400	河口	かわぐち	-20000	v3 で不要（今の辞書でも単独では同じ読み）	かわぐち	かわぐち	
401	筑紫勝家	ちくしかついえ	-20000	v3 で不要（接続表の偏りの穴埋め）	ちくしがちか	ちくしかついえ	
402	渡輪	とりん	-20000	v3 でも必要	わたりりん	わたりりん	v3 の単独の読み: わたりりん
403	小竹	こだけ	4000	v3 で不要（接続表の偏りの穴埋め）	しょうちく	こだけ	
404	春吉	はるきち	-20000	v3 でも必要	はるよし	はるよし	v3 の単独の読み: はるよし
405	今宿	いまじゅく	-20000	v3 で不要（接続表の偏りの穴埋め）	いまやど	いまじゅく	
406	大濠	おおほり	-20000	v3 で不要（今の辞書でも単独では同じ読み）	おおほり	おおほり	
407	街中	まちなか	-20000	v3 でも必要	まちじゅう	まちじゅう	v3 の単独の読み: まちじゅう
408	港町	みなとまち	-20000	v3 で不要（接続表の偏りの穴埋め）	みなとちょう	みなとまち	
409	物語っ	ものがたっ	-20000	v3 でも必要	ものがたりっ	ものがたりっ	v3 の単独の読み: ものがたりっ
410	留まり	とまり	6000	v3 で不要（今の辞書でも単独では同じ読み）	とまり	とまり	
411	語っ	かたっ	-20000	v3 でも必要	ごっ	ごっ	v3 の単独の読み: ごっ
412	黄金色	こがねいろ	-20000	v3 で不要（接続表の偏りの穴埋め）	おうごんいろ	こがねいろ	
413	連れ	づれ	4000	削除（巻き込み）	つれ	つれ	連濁形（ヅレ）の単独登録。単独の「連れ」が づれ になる
414	人通り	ひとどおり	3000	v3 で不要（接続表の偏りの穴埋め）	ひととおり	ひとどおり	
415	焼く	やく	3000	v3 で不要（今の辞書でも単独では同じ読み）	やく	やく	
416	酔っ	よっ	6000	v3 でも必要	よいっ	よいっ	v3 の単独の読み: よいっ
417	立ち止まる	たちどまる	3000	v3 で不要（今の辞書でも単独では同じ読み）	たちどまる	たちどまる	
418	店員	てんいん	-20000	v3 で不要（今の辞書でも単独では同じ読み）	てんいん	てんいん	
419	お好み焼き	おこのみやき	3000	v3 で不要（今の辞書でも単独では同じ読み）	おこのみやき	おこのみやき	
420	笑い声	わらいごえ	3000	v3 で不要（今の辞書でも単独では同じ読み）	わらいごえ	わらいごえ	
421	大人	おとな	-20000	v3 で不要（接続表の偏りの穴埋め）	おおひと	おとな	
422	回っ	まわっ	5000	v3 で不要（接続表の偏りの穴埋め）	かいっ	まわっ	
423	大声	おおごえ	-20000	v3 で不要（接続表の偏りの穴埋め）	おおこえ	おおごえ	
424	汁粉	しるこ	-20000	v3 で不要（接続表の偏りの穴埋め）	しるこな	しるこ	
425	たこ焼き	たこやき	3000	v3 で不要（今の辞書でも単独では同じ読み）	たこやき	たこやき	
426	売り声	うりごえ	3000	v3 で不要（接続表の偏りの穴埋め）	うりこえ	うりごえ	
427	点灯	てんとう	-20000	v3 で不要（今の辞書でも単独では同じ読み）	てんとう	てんとう	
428	映え	はえ	5000	v3 で不要（接続表の偏りの穴埋め）	ばえ	はえ	
429	夜風	よかぜ	-20000	v3 で不要（接続表の偏りの穴埋め）	よるかぜ	よかぜ	
430	遊ぶ	あそぶ	3000	v3 で不要（今の辞書でも単独では同じ読み）	あそぶ	あそぶ	
431	一日	いちにち	-20000	v3 で不要（接続表の偏りの穴埋め）	いっにち	いちにち	
432	温まる	あたたまる	3000	v3 で不要（今の辞書でも単独では同じ読み）	あたたまる	あたたまる	
433	一時	いちじ	-20000	v3 で不要（接続表の偏りの穴埋め）	いっじ	いちじ	
434	迷っ	まよっ	-20000	v3 で不要（接続表の偏りの穴埋め）	めいっ	まよっ	
435	込み	こみ	7000	v3 で不要（接続表の偏りの穴埋め）	ごみ	こみ	
436	来る	くる	4000	v3 で不要（今の辞書でも単独では同じ読み）	くる	くる	
437	持っ	もっ	-1000	v3 で不要（接続表の偏りの穴埋め）	もちっ	もっ	
438	具	ぐ	4000	v3 で不要（今の辞書でも単独では同じ読み）	ぐ	ぐ	
439	添え	そえ	5000	v3 で不要（接続表の偏りの穴埋め）	ぞえ	そえ	
440	酸っぱ	すっぱ	5000	v3 で不要（接続表の偏りの穴埋め）	さんっぱ	すっぱ	
441	酒売り	さかうり	3000	v3 でも必要	さけうり	さけうり	v3 の単独の読み: さけうり
442	酒屋	さかや	-20000	v3 で不要（接続表の偏りの穴埋め）	さけや	さかや	
443	蕎麦粉	そばこ	-20000	v3 で不要（接続表の偏りの穴埋め）	そばこな	そばこ	
444	寿司酢	すしず	-20000	v3 で不要（接続表の偏りの穴埋め）	すしす	すしず	
445	挽き	ひき	4000	v3 で不要（接続表の偏りの穴埋め）	びき	ひき	
446	法	ほう	6000	v3 で不要（接続表の偏りの穴埋め）	ぽう	ほう	
447	火	ひ	5000	v3 で不要（今の辞書でも単独では同じ読み）	ひ	ひ	
448	洗っ	あらっ	3000	v3 で不要（接続表の偏りの穴埋め）	あらいっ	あらっ	
449	固め	かため	5000	v3 で不要（接続表の偏りの穴埋め）	がため	かため	
450	深い	ふかい	5000	v3 で不要（接続表の偏りの穴埋め）	ぶかい	ふかい	
451	濃く	こく	3000	v3 で不要（今の辞書でも単独では同じ読み）	こく	こく	
452	分かち合っ	わかちあっ	3000	v3 で不要（今の辞書でも単独では同じ読み）	わかちあっ	わかちあっ	
453	切り	きり	10000	v3 で不要（接続表の偏りの穴埋め）	せつり	きり	
454	美味しい	おいしい	3000	v3 で不要（今の辞書でも単独では同じ読み）	おいしい	おいしい	
455	分け合っ	わけあっ	3000	v3 で不要（今の辞書でも単独では同じ読み）	わけあっ	わけあっ	
456	囲ん	かこん	3000	v3 で不要（今の辞書でも単独では同じ読み）	かこん	かこん	
457	染みる	しみる	3000	v3 でも必要	じみる	じみる	v3 の単独の読み: じみる
458	選び	えらび	6000	v3 で不要（今の辞書でも単独では同じ読み）	えらび	えらび	
459	酔う	よう	3000	v3 で不要（接続表の偏りの穴埋め）	よいう	よう	
460	紅茶	こうちゃ	-20000	v3 で不要（今の辞書でも単独では同じ読み）	こうちゃ	こうちゃ	
461	水筒	すいとう	-20000	v3 で不要（接続表の偏りの穴埋め）	みずとう	すいとう	
462	塩分	えんぶん	-20000	v3 で不要（接続表の偏りの穴埋め）	しおぶん	えんぶん	
463	絶妙	ぜつみょう	-20000	v3 で不要（今の辞書でも単独では同じ読み）	ぜつみょう	ぜつみょう	
464	かぜ	かぜ	4000	v3 で不要（今の辞書でも単独では同じ読み）	かぜ	かぜ	
465	苦	にが	5000	v3 でも必要	く	く	v3 の単独の読み: く
466	一番	いちばん	-20000	v3 で不要（接続表の偏りの穴埋め）	いっばん	いちばん	
467	心	こころ	4000	v3 で不要（今の辞書でも単独では同じ読み）	こころ	こころ	
468	涼し	すずし	3000	v3 で不要（接続表の偏りの穴埋め）	りょうし	すずし	
469	合間	あいま	-20000	v3 で不要（接続表の偏りの穴埋め）	ごうま	あいま	
470	挽い	ひい	3000	v3 で不要（接続表の偏りの穴埋め）	ひきい	ひい	
471	分間	ふんかん	-20000	v3 でも必要	ぶんま	ぶんけん	v3 の単独の読み: ぶんけん
472	苦み	にがみ	5000	v3 で不要（今の辞書でも単独では同じ読み）	にがみ	にがみ	
473	おとぎ話	おとぎばなし	3000	v3 で不要（接続表の偏りの穴埋め）	おとぎはなし	おとぎばなし	
474	一杯	いっぱい	-20000	v3 でも必要	いっはい	いちはい	v3 の単独の読み: いちはい
475	癒す	いやす	3000	v3 で不要（今の辞書でも単独では同じ読み）	いやす	いやす	
476	おやつ代わり	おやつがわり	-20000	v3 でも必要	おやつかわり	おやつかわり	v3 の単独の読み: おやつかわり
477	力	ちから	3000	v3 で不要（今の辞書でも単独では同じ読み）	ちから	ちから	
478	立っ	たっ	2000	v3 で不要（接続表の偏りの穴埋め）	たてっ	たっ	
479	ぶら下がる	ぶらさがる	3000	v3 で不要（接続表の偏りの穴埋め）	ぶらしたがる	ぶらさがる	
480	生きる	いきる	3000	v3 で不要（今の辞書でも単独では同じ読み）	いきる	いきる	
481	力強い	ちからづよい	3000	v3 で不要（今の辞書でも単独では同じ読み）	ちからづよい	ちからづよい	
482	日向	ひなた	-20000	v3 でも必要	ひむき	ひむか	v3 の単独の読み: ひむか
483	吠え	ほえ	6000	v3 で不要（接続表の偏りの穴埋め）	ぼえ	ほえ	
484	懐っこい	なつっこい	3000	v3 で不要（今の辞書でも単独では同じ読み）	なつっこい	なつっこい	
485	ひっくり返っ	ひっくりかえっ	3000	v3 で不要（接続表の偏りの穴埋め）	ひっくりかえしっ	ひっくりかえっ	
486	昼行	ちゅうこう	-20000	v3 で不要（接続表の偏りの穴埋め）	ひるぎょう	ちゅうこう	
487	様子	ようす	-20000	v3 で不要（今の辞書でも単独では同じ読み）	ようす	ようす	
488	大き	おおき	6000	v3 で不要（接続表の偏りの穴埋め）	だいき	おおき	
489	飼い	かい	5000	v3 でも必要	がい	がい	v3 の単独の読み: がい
490	毛皮	けがわ	-20000	v3 で不要（接続表の偏りの穴埋め）	けかわ	けがわ	
491	林	はやし	4000	v3 で不要（今の辞書でも単独では同じ読み）	はやし	はやし	
492	飛行	ひこう	-20000	v3 で不要（今の辞書でも単独では同じ読み）	ひこう	ひこう	
493	投げ	なげ	3000	v3 で不要（今の辞書でも単独では同じ読み）	なげ	なげ	
494	願っ	ねがっ	-20000	v3 で不要（接続表の偏りの穴埋め）	がんっ	ねがっ	
495	力強	ちからづよ	6000	v3 で不要（接続表の偏りの穴埋め）	ちからきょう	ちからづよ	
496	嬉し	うれし	4000	v3 で不要（接続表の偏りの穴埋め）	うれしいし	うれし	
497	近づい	ちかづい	3000	v3 で不要（接続表の偏りの穴埋め）	きんづい	ちかづい	
498	滑っ	すべっ	-20000	v3 で不要（接続表の偏りの穴埋め）	なめらかっ	すべっ	
499	認め	みとめ	5000	v3 で不要（今の辞書でも単独では同じ読み）	みとめ	みとめ	
500	愛おし	いとおし	4000	v3 でも必要	まなおし	まなおし	v3 の単独の読み: まなおし
501	匂い	におい	4000	v3 で不要（今の辞書でも単独では同じ読み）	におい	におい	
502	覚まし	さまし	3000	v3 で不要（今の辞書でも単独では同じ読み）	さまし	さまし	
503	好か	すか	8000	v3 でも必要	こうか	よかん	v3 の単独の読み: よかん
504	返し	かえし	4000	v3 で不要（接続表の偏りの穴埋め）	がえし	かえし	
505	跳ね	はね	5000	v3 で不要（今の辞書でも単独では同じ読み）	はね	はね	
506	飼い主	かいぬし	3000	v3 で不要（今の辞書でも単独では同じ読み）	かいぬし	かいぬし	
507	歩く	あるく	6000	v3 で不要（今の辞書でも単独では同じ読み）	あるく	あるく	
508	絆	きずな	5000	v3 で不要（今の辞書でも単独では同じ読み）	きずな	きずな	
509	豊か	ゆたか	3000	v3 で不要（今の辞書でも単独では同じ読み）	ゆたか	ゆたか	
510	振り返っ	ふりかえっ	3000	v3 で不要（接続表の偏りの穴埋め）	ふりかえしっ	ふりかえっ	
511	ハッカソン中	はっかそんちゅう	-20000	v3 でも必要	はっかそんじゅう	はっかそんなか	v3 の単独の読み: はっかそんなか
512	はっかそん中	はっかそんちゅう	-20000	v3 でも必要	はっかそんちゅう	はっかそんなか	v3 の単独の読み: はっかそんなか
513	を行っ	をおこなっ	-30000	v3 で不要（接続表の偏りの穴埋め）	をいくっ	をおこなっ	
514	しっかり行っ	しっかりおこなっ	-30000	v3 でも必要	しっかりぎょうっ	しっかりいっ	v3 の単独の読み: しっかりいっ
515	ちゃんと行っ	ちゃんとおこなっ	-30000	v3 でも必要	ちゃんとぎょうっ	ちゃんといっ	v3 の単独の読み: ちゃんといっ
516	よく行っ	よくおこなっ	-30000	v3 でも必要	よくぎょうっ	よくいっ	v3 の単独の読み: よくいっ
517	きちんと行っ	きちんとおこなっ	-30000	v3 でも必要	きちんとぎょうっ	きちんといっ	v3 の単独の読み: きちんといっ
518	博多みやこ路	はかたみやこじ	-20000	v3 でも必要	はかたみやころ	はかたみやころ	v3 の単独の読み: はかたみやころ
519	レモン水	れもんすい	-20000	v3 でも必要	れもんみず	れもんみず	v3 の単独の読み: れもんみず
520	ソーダ水	そーだすい	-20000	v3 でも必要	そーだみず	そーだみず	v3 の単独の読み: そーだみず
521	炭酸水	たんさんすい	-20000	v3 で不要（接続表の偏りの穴埋め）	たんさんみず	たんさんすい	
522	うどんの素	うどんのもと	-20000	v3 でも必要	うどんのす	うどんのす	v3 の単独の読み: うどんのす
523	おにぎりの素	おにぎりのもと	-20000	v3 でも必要	おにぎりのす	おにぎりのす	v3 の単独の読み: おにぎりのす
524	なすびの素	なすびのもと	-20000	v3 でも必要	なすびのす	なすびのす	v3 の単独の読み: なすびのす
525	る中で	るなかで	-20000	v3 で不要（接続表の偏りの穴埋め）	るちゅうで	るなかで	
526	ない中で	ないなかで	-20000	v3 で不要（接続表の偏りの穴埋め）	ないじゅうで	ないなかで	
527	部屋中	へやじゅう	-20000	v3 で不要（今の辞書でも単独では同じ読み）	へやじゅう	へやじゅう	
528	世界中	せかいじゅう	-20000	v3 でも必要	せかいじゅう	せかいちゅう	v3 の単独の読み: せかいちゅう
529	開発中	かいはつちゅう	-20000	v3 で不要（接続表の偏りの穴埋め）	かいはつじゅう	かいはつちゅう	
530	イベント中	いべんとちゅう	-20000	v3 でも必要	いべんとじゅう	いべんとなか	v3 の単独の読み: いべんとなか
531	春日部	かすかべ	-30000	v3 でも必要	はるかぶ	かすがべ	v3 の単独の読み: かすがべ
532	春日井	かすがい	-30000	v3 で不要（今の辞書でも単独では同じ読み）	かすがい	かすがい	
533	春日市	かすがし	-30000	v3 で不要（接続表の偏りの穴埋め）	かすがのし	かすがし	
534	春日局	かすがのつぼね	-30000	v3 でも必要	はるかきょく	かすがきょく	v3 の単独の読み: かすがきょく
535	中国	ちゅうごく	-20000	v3 で不要（接続表の偏りの穴埋め）	なかこく	ちゅうごく	
536	連れて	つれて	-30000	v3 で不要（今の辞書でも単独では同じ読み）	つれて	つれて	
537	協力	きょうりょく	-20000	v3 で不要（今の辞書でも単独では同じ読み）	きょうりょく	きょうりょく	
538	速さ	はやさ	3000	v3 で不要（接続表の偏りの穴埋め）	そくさ	はやさ	
539	速く	はやく	3000	v3 で不要（今の辞書でも単独では同じ読み）	はやく	はやく	
540	の証だ	のあかしだ	-20000	v3 で不要（接続表の偏りの穴埋め）	のしょうだ	のあかしだ	
541	スイカの種	すいかのたね	-20000	v3 で不要（接続表の偏りの穴埋め）	すいかのしゅ	すいかのたね	
542	氷の器	こおりのうつわ	-20000	v3 で不要（接続表の偏りの穴埋め）	こおりのき	こおりのうつわ	
543	の尾	のお	-20000	v3 で不要（接続表の偏りの穴埋め）	のび	のお	
544	他の	ほかの	3000	v3 でも必要	たの	たの	v3 の単独の読み: たの
545	他者	たしゃ	-20000	v3 で不要（今の辞書でも単独では同じ読み）	たしゃ	たしゃ	
546	いる間に	いるあいだに	-20000	v3 で不要（接続表の偏りの穴埋め）	いるまに	いるあいだに	
547	の場と	のばと	-20000	v3 で不要（今の辞書でも単独では同じ読み）	のばと	のばと	
548	の場で	のばで	-20000	v3 で不要（今の辞書でも単独では同じ読み）	のばで	のばで	
549	る場だ	るばだ	-20000	v3 で不要（今の辞書でも単独では同じ読み）	るばだ	るばだ	
550	王様	おうさま	-20000	v3 で不要（接続表の偏りの穴埋め）	おうよう	おうさま	
551	黒崎祭	くろさきさい	-20000	v3 で不要（今の辞書でも単独では同じ読み）	くろさきさい	くろさきさい	
552	香椎宮祭	かしいぐうさい	-20000	v3 でも必要	かしいきゅうさい	かしいきゅうさい	v3 の単独の読み: かしいきゅうさい
553	香椎宮	かしいぐう	-20000	v3 で不要（今の辞書でも単独では同じ読み）	かしいぐう	かしいぐう	
554	の人と	のひとと	-20000	v3 で不要（今の辞書でも単独では同じ読み）	のひとと	のひとと	
555	の人の	のひとの	-20000	v3 で不要（今の辞書でも単独では同じ読み）	のひとの	のひとの	
556	の人が	のひとが	-20000	v3 で不要（今の辞書でも単独では同じ読み）	のひとが	のひとが	
557	の人に	のひとに	-20000	v3 で不要（今の辞書でも単独では同じ読み）	のひとに	のひとに	
558	の人も	のひとも	-20000	v3 で不要（今の辞書でも単独では同じ読み）	のひとも	のひとも	
559	の人は	のひとは	-20000	v3 で不要（今の辞書でも単独では同じ読み）	のひとは	のひとは	
560	この人	このひと	-20000	v3 で不要（今の辞書でも単独では同じ読み）	このひと	このひと	
561	その人	そのひと	-20000	v3 で不要（今の辞書でも単独では同じ読み）	そのひと	そのひと	
562	あの人	あのひと	-20000	v3 で不要（今の辞書でも単独では同じ読み）	あのひと	あのひと	
563	の箱	のばこ	-20000	v3 でも必要	のはこ	のはこ	v3 の単独の読み: のはこ
564	おにぎり箱	おにぎりばこ	-20000	v3 でも必要	おにぎりはこ	おにぎりはこ	v3 の単独の読み: おにぎりはこ
565	弁当箱	べんとうばこ	-20000	v3 でも必要	べんとうはこ	べんとうはこ	v3 の単独の読み: べんとうはこ
566	箱崎	はこざき	-20000	v3 で不要（今の辞書でも単独では同じ読み）	はこざき	はこざき	
567	筑後川	ちくごがわ	-20000	v3 で不要（今の辞書でも単独では同じ読み）	ちくごがわ	ちくごがわ	
568	川が	かわが	-20000	削除（巻き込み）	がわが	かわが	川+助詞 を1語にする行（-20000）。柳川の→やなぎ+かわの・中川で→なかかわで・品川だ→しなかわだ 等、〜川の地名・人名を割る
569	川辺	かわべ	-20000	v3 で不要（接続表の偏りの穴埋め）	がわへん	かわべ	
570	川だ	かわだ	-20000	削除（巻き込み）	がわだ	かわだ	川+助詞 を1語にする行（-20000）。柳川の→やなぎ+かわの・中川で→なかかわで・品川だ→しなかわだ 等、〜川の地名・人名を割る
571	天の川	あまのがわ	-20000	v3 で不要（接続表の偏りの穴埋め）	てんのがわ	あまのがわ	
572	風車	かざぐるま	-20000	v3 で不要（今の辞書でも単独では同じ読み）	かざぐるま	かざぐるま	
573	風船	ふうせん	-20000	v3 で不要（今の辞書でも単独では同じ読み）	ふうせん	ふうせん	
574	心地	ここち	-20000	v3 で不要（今の辞書でも単独では同じ読み）	ここち	ここち	
575	初心者	しょしんしゃ	-20000	v3 で不要（今の辞書でも単独では同じ読み）	しょしんしゃ	しょしんしゃ	
576	心配	しんぱい	5000	v3 で不要（今の辞書でも単独では同じ読み）	しんぱい	しんぱい	
577	安心	あんしん	-20000	v3 で不要（今の辞書でも単独では同じ読み）	あんしん	あんしん	
578	関心	かんしん	-20000	v3 で不要（今の辞書でも単独では同じ読み）	かんしん	かんしん	
579	努力	どりょく	-20000	v3 で不要（今の辞書でも単独では同じ読み）	どりょく	どりょく	
580	能力	のうりょく	-20000	v3 で不要（今の辞書でも単独では同じ読み）	のうりょく	のうりょく	
581	一種	いっしゅ	-20000	v3 で不要（今の辞書でも単独では同じ読み）	いっしゅ	いっしゅ	
582	一緒	いっしょ	-20000	v3 で不要（今の辞書でも単独では同じ読み）	いっしょ	いっしょ	
583	一つ	ひとつ	-3000	v3 で不要（今の辞書でも単独では同じ読み）	ひとつ	ひとつ	
584	一人	ひとり	-20000	v3 で不要（接続表の偏りの穴埋め）	いっにん	ひとり	
585	串刺し	くしざし	-20000	v3 で不要（今の辞書でも単独では同じ読み）	くしざし	くしざし	
586	街頭	がいとう	-20000	v3 で不要（今の辞書でも単独では同じ読み）	がいとう	がいとう	
587	街道	かいどう	-20000	v3 で不要（今の辞書でも単独では同じ読み）	かいどう	かいどう	
588	市街地	しがいち	-20000	v3 で不要（今の辞書でも単独では同じ読み）	しがいち	しがいち	
589	商店街	しょうてんがい	-20000	v3 で不要（今の辞書でも単独では同じ読み）	しょうてんがい	しょうてんがい	
590	繁華街	はんかがい	-20000	v3 で不要（今の辞書でも単独では同じ読み）	はんかがい	はんかがい	
591	住宅街	じゅうたくがい	-20000	v3 で不要（今の辞書でも単独では同じ読み）	じゅうたくがい	じゅうたくがい	
592	バー街	ばーがい	-20000	v3 で不要（接続表の偏りの穴埋め）	ばーまち	ばーがい	
593	居酒屋	いざかや	-30000	v3 で不要（接続表の偏りの穴埋め）	きょしゅや	いざかや	
594	陽気	ようき	-20000	v3 で不要（今の辞書でも単独では同じ読み）	ようき	ようき	
595	汁気	しるけ	-20000	v3 で不要（接続表の偏りの穴埋め）	しるき	しるけ	
596	元気	げんき	-20000	v3 で不要（今の辞書でも単独では同じ読み）	げんき	げんき	
597	地元	じもと	-20000	v3 で不要（接続表の偏りの穴埋め）	ちもと	じもと	
598	目指し	めざし	-20000	v3 で不要（今の辞書でも単独では同じ読み）	めざし	めざし	
599	目覚まし	めざまし	-20000	v3 で不要（今の辞書でも単独では同じ読み）	めざまし	めざまし	
600	使い方	つかいかた	-20000	v3 で不要（今の辞書でも単独では同じ読み）	つかいかた	つかいかた	
601	作り方	つくりかた	-20000	v3 で不要（接続表の偏りの穴埋め）	づくりかた	つくりかた	
602	やり方	やりかた	-20000	v3 で不要（今の辞書でも単独では同じ読み）	やりかた	やりかた	
603	並べ方	ならべかた	-20000	v3 で不要（接続表の偏りの穴埋め）	ならべほう	ならべかた	
604	食べ方	たべかた	-20000	v3 で不要（今の辞書でも単独では同じ読み）	たべかた	たべかた	
605	書き方	かきかた	-20000	v3 で不要（今の辞書でも単独では同じ読み）	かきかた	かきかた	
606	読み方	よみかた	-20000	v3 で不要（今の辞書でも単独では同じ読み）	よみかた	よみかた	
607	見方	みかた	-20000	v3 で不要（今の辞書でも単独では同じ読み）	みかた	みかた	
608	学び方	まなびかた	-20000	v3 で不要（今の辞書でも単独では同じ読み）	まなびかた	まなびかた	
609	選び方	えらびかた	-20000	v3 で不要（今の辞書でも単独では同じ読み）	えらびかた	えらびかた	
610	付け方	つけかた	-20000	v3 で不要（接続表の偏りの穴埋め）	づけかた	つけかた	
611	生き方	いきかた	-20000	v3 で不要（今の辞書でも単独では同じ読み）	いきかた	いきかた	
612	考え方	かんがえかた	-20000	v3 で不要（今の辞書でも単独では同じ読み）	かんがえかた	かんがえかた	
613	探し方	さがしかた	-20000	v3 で不要（今の辞書でも単独では同じ読み）	さがしかた	さがしかた	
614	話し方	はなしかた	-20000	v3 で不要（今の辞書でも単独では同じ読み）	はなしかた	はなしかた	
615	歩き方	あるきかた	-20000	v3 で不要（今の辞書でも単独では同じ読み）	あるきかた	あるきかた	
616	飲み方	のみかた	-20000	v3 で不要（接続表の偏りの穴埋め）	のみほう	のみかた	
617	働き方	はたらきかた	-20000	v3 で不要（今の辞書でも単独では同じ読み）	はたらきかた	はたらきかた	
618	焼き方	やきかた	-20000	v3 で不要（今の辞書でも単独では同じ読み）	やきかた	やきかた	
619	売り方	うりかた	-20000	v3 で不要（今の辞書でも単独では同じ読み）	うりかた	うりかた	
620	淹れ方	いれかた	-20000	v3 で不要（今の辞書でも単独では同じ読み）	いれかた	いれかた	
621	炊き方	たきかた	-20000	v3 で不要（今の辞書でも単独では同じ読み）	たきかた	たきかた	
622	挽き方	ひきかた	-20000	v3 で不要（今の辞書でも単独では同じ読み）	ひきかた	ひきかた	
623	夕方	ゆうがた	-20000	v3 で不要（接続表の偏りの穴埋め）	ゆうかた	ゆうがた	
624	仕方	しかた	2000	v3 で不要（今の辞書でも単独では同じ読み）	しかた	しかた	
625	他は	ほかは	-20000	v3 でも必要	たは	たは	v3 の単独の読み: たは
626	他も	ほかも	-20000	v3 で不要（今の辞書でも単独では同じ読み）	ほかも	ほかも	
627	他に	ほかに	-20000	v3 でも必要	たに	たに	v3 の単独の読み: たに
628	他と	ほかと	-20000	v3 で不要（接続表の偏りの穴埋め）	たと	ほかと	
629	他で	ほかで	-20000	v3 でも必要	ほかで	たで	v3 の単独の読み: たで
630	強さ	つよさ	-20000	v3 で不要（接続表の偏りの穴埋め）	きょうさ	つよさ	
631	強く	つよく	4000	v3 で不要（今の辞書でも単独では同じ読み）	つよく	つよく	
632	強い	つよい	-3000	v3 で不要（今の辞書でも単独では同じ読み）	つよい	つよい	
633	温か	あたたか	4000	v3 で不要（今の辞書でも単独では同じ読み）	あたたか	あたたか	
634	近くが	ちかくが	-20000	v3 で不要（接続表の偏りの穴埋め）	ぢかくが	ちかくが	
635	近くを	ちかくを	-20000	v3 で不要（接続表の偏りの穴埋め）	ぢかくを	ちかくを	
636	近くに	ちかくに	-20000	v3 で不要（今の辞書でも単独では同じ読み）	ちかくに	ちかくに	
637	近くの	ちかくの	-20000	v3 で不要（接続表の偏りの穴埋め）	ぢかくの	ちかくの	
638	近くは	ちかくは	-20000	v3 で不要（今の辞書でも単独では同じ読み）	ちかくは	ちかくは	
639	近くも	ちかくも	-20000	v3 で不要（今の辞書でも単独では同じ読み）	ちかくも	ちかくも	
640	近くと	ちかくと	-20000	v3 で不要（今の辞書でも単独では同じ読み）	ちかくと	ちかくと	
641	近くで	ちかくで	-20000	v3 で不要（接続表の偏りの穴埋め）	ぢかくで	ちかくで	
642	近くへ	ちかくへ	-20000	v3 で不要（接続表の偏りの穴埋め）	ぢかくへ	ちかくへ	
643	近くから	ちかくから	-20000	v3 で不要（今の辞書でも単独では同じ読み）	ちかくから	ちかくから	
644	近くまで	ちかくまで	-20000	v3 で不要（接続表の偏りの穴埋め）	ぢかくまで	ちかくまで	
645	実る	みのる	-20000	v3 で不要（接続表の偏りの穴埋め）	じっる	みのる	
646	重ね	かさね	6000	v3 でも必要	えね	えね	v3 の単独の読み: えね
647	生き	いき	5000	v3 で不要（接続表の偏りの穴埋め）	なまき	いき	
648	う中で	うなかで	-20000	v3 で不要（接続表の偏りの穴埋め）	うちゅうで	うなかで	
649	忠犬	ちゅうけん	-20000	v3 で不要（今の辞書でも単独では同じ読み）	ちゅうけん	ちゅうけん	
650	愛犬	あいけん	-20000	v3 で不要（今の辞書でも単独では同じ読み）	あいけん	あいけん	
651	番犬	ばんけん	-20000	v3 で不要（今の辞書でも単独では同じ読み）	ばんけん	ばんけん	
652	中華	ちゅうか	-20000	v3 で不要（今の辞書でも単独では同じ読み）	ちゅうか	ちゅうか	
653	中央	ちゅうおう	-20000	v3 で不要（今の辞書でも単独では同じ読み）	ちゅうおう	ちゅうおう	
654	声	こえ	3000	v3 で不要（今の辞書でも単独では同じ読み）	こえ	こえ	
655	木製	もくせい	-20000	v3 で不要（接続表の偏りの穴埋め）	きせい	もくせい	
656	座って	すわって	3000	v3 で不要（接続表の偏りの穴埋め）	ざって	すわって	
657	人	ひと	4000	v3 で不要（今の辞書でも単独では同じ読み）	ひと	ひと	
658	待って	まって	3000	v3 で不要（接続表の偏りの穴埋め）	まちって	まって	
659	入れ	いれ	-5000	v3 で不要（今の辞書でも単独では同じ読み）	いれ	いれ	
660	温め	あたため	4000	v3 で不要（接続表の偏りの穴埋め）	ぬるめ	あたため	
661	大通	おおどおり	3000	v3 でも必要	おおどおり	だいつう	v3 の単独の読み: だいつう
662	日	ひ	0	削除（巻き込み）	ひ	ひ	1字の裸登録（コスト0）。前日→まえひ・先日→さきひ・初日→はつひ
663	持参	じさん	-1000	v3 で不要（今の辞書でも単独では同じ読み）	じさん	じさん	
664	満た	みた	6000	v3 で不要（接続表の偏りの穴埋め）	まんた	みた	
665	外食	がいしょく	0	v3 で不要（接続表の偏りの穴埋め）	そとしょく	がいしょく	
666	川が	かわが	-20000	削除（重複）	がわが	かわが	同じ表層・読みの行が前にある
667	川を	かわを	-20000	削除（巻き込み）	がわを	かわを	川+助詞 を1語にする行（-20000）。柳川の→やなぎ+かわの・中川で→なかかわで・品川だ→しなかわだ 等、〜川の地名・人名を割る
668	川に	かわに	-20000	削除（巻き込み）	がわに	かわに	川+助詞 を1語にする行（-20000）。柳川の→やなぎ+かわの・中川で→なかかわで・品川だ→しなかわだ 等、〜川の地名・人名を割る
669	川の	かわの	-20000	削除（巻き込み）	がわの	かわの	川+助詞 を1語にする行（-20000）。柳川の→やなぎ+かわの・中川で→なかかわで・品川だ→しなかわだ 等、〜川の地名・人名を割る
670	川は	かわは	-20000	削除（巻き込み）	がわは	かわは	川+助詞 を1語にする行（-20000）。柳川の→やなぎ+かわの・中川で→なかかわで・品川だ→しなかわだ 等、〜川の地名・人名を割る
671	川も	かわも	-20000	削除（巻き込み）	がわも	かわも	川+助詞 を1語にする行（-20000）。柳川の→やなぎ+かわの・中川で→なかかわで・品川だ→しなかわだ 等、〜川の地名・人名を割る
672	川と	かわと	-20000	削除（巻き込み）	がわと	かわと	川+助詞 を1語にする行（-20000）。柳川の→やなぎ+かわの・中川で→なかかわで・品川だ→しなかわだ 等、〜川の地名・人名を割る
673	川で	かわで	-20000	削除（巻き込み）	がわで	かわで	川+助詞 を1語にする行（-20000）。柳川の→やなぎ+かわの・中川で→なかかわで・品川だ→しなかわだ 等、〜川の地名・人名を割る
674	川へ	かわへ	-20000	削除（巻き込み）	がわへ	かわへ	川+助詞 を1語にする行（-20000）。柳川の→やなぎ+かわの・中川で→なかかわで・品川だ→しなかわだ 等、〜川の地名・人名を割る
675	川から	かわから	-20000	削除（巻き込み）	がわから	かわから	川+助詞 を1語にする行（-20000）。柳川の→やなぎ+かわの・中川で→なかかわで・品川だ→しなかわだ 等、〜川の地名・人名を割る
676	川まで	かわまで	-20000	削除（巻き込み）	がわまで	かわまで	川+助詞 を1語にする行（-20000）。柳川の→やなぎ+かわの・中川で→なかかわで・品川だ→しなかわだ 等、〜川の地名・人名を割る
677	撮	と	5000	削除（巻き込み）	つまみ	つまみ	動詞語幹の裸登録（同上）
678	切子	きりこ	3000	v3 で不要（今の辞書でも単独では同じ読み）	きりこ	きりこ	
679	庭園	ていえん	3000	v3 で不要（今の辞書でも単独では同じ読み）	ていえん	ていえん	
680	商人	しょうにん	2000	v3 で不要（接続表の偏りの穴埋め）	しょうじん	しょうにん	
681	残	のこ	5000	削除（巻き込み）	ざん	ざん	動詞語幹の裸登録（同上）
682	天満宮	てんまんぐう	3000	v3 でも必要	てんまぐう	てんまぐう	v3 の単独の読み: てんまぐう
683	御用	ごよう	2000	v3 で不要（接続表の偏りの穴埋め）	おんよう	ごよう	
684	様	さま	4000	v3 で不要（接続表の偏りの穴埋め）	よう	さま	
685	町人	ちょうにん	-12000	v3 で不要（接続表の偏りの穴埋め）	まちひと	ちょうにん	
686	役人	やくにん	3000	v3 で不要（接続表の偏りの穴埋め）	やくじん	やくにん	
687	訪れ	おとずれ	3000	v3 で不要（今の辞書でも単独では同じ読み）	おとずれ	おとずれ	
688	御目見え	おめみえ	3000	v3 でも必要	おめみえ	おまみえ	v3 の単独の読み: おまみえ
689	観光	かんこう	3000	v3 で不要（今の辞書でも単独では同じ読み）	かんこう	かんこう	
690	女中	じょちゅう	0	v3 で不要（接続表の偏りの穴埋め）	おんなじゅう	じょちゅう	
691	鳥居が	とりいが	-20000	v3 で不要（今の辞書でも単独では同じ読み）	とりいが	とりいが	
692	鳥居を	とりいを	-20000	v3 で不要（今の辞書でも単独では同じ読み）	とりいを	とりいを	
693	鳥居に	とりいに	-20000	v3 で不要（今の辞書でも単独では同じ読み）	とりいに	とりいに	
694	鳥居の	とりいの	-20000	v3 で不要（今の辞書でも単独では同じ読み）	とりいの	とりいの	
695	鳥居は	とりいは	-20000	v3 で不要（今の辞書でも単独では同じ読み）	とりいは	とりいは	
696	鳥居も	とりいも	-20000	v3 で不要（接続表の偏りの穴埋め）	とりきょも	とりいも	
697	鳥居と	とりいと	-20000	v3 で不要（今の辞書でも単独では同じ読み）	とりいと	とりいと	
698	鳥居で	とりいで	-20000	v3 で不要（今の辞書でも単独では同じ読み）	とりいで	とりいで	
699	鳥居へ	とりいへ	-20000	v3 で不要（今の辞書でも単独では同じ読み）	とりいへ	とりいへ	
700	鳥居から	とりいから	-20000	v3 で不要（今の辞書でも単独では同じ読み）	とりいから	とりいから	
701	鳥居まで	とりいまで	-20000	v3 で不要（今の辞書でも単独では同じ読み）	とりいまで	とりいまで	
702	私	わたし	1000	v3 でも必要	わたくし	わたくし	v3 の単独の読み: わたくし
703	暮ら	くら	7000	削除（巻き込み）	くれら	くれら	動詞語幹の裸登録（同上）
704	方	かた	1000	削除（巻き込み）	ほう	ほう	1字の裸登録。方位磁石→かたい+じしゃく・両方→りょうかた
705	鳥	とり	1000	v3 で不要（今の辞書でも単独では同じ読み）	とり	とり	
706	境内	けいだい	3000	v3 で不要（今の辞書でも単独では同じ読み）	けいだい	けいだい	
707	角	つの	3000	削除（巻き込み）	かく	かく	1字の裸登録（鹿の角 の行で足りる）
708	富士山	ふじさん	0	v3 でも必要	ふじやま	ふじやま	v3 の単独の読み: ふじやま
709	際立つ	きわだつ	3000	v3 で不要（接続表の偏りの穴埋め）	さいたつ	きわだつ	
710	実	み	0	削除（巻き込み）	じつ	じつ	1字の裸登録（コスト0）。実力→みりょく・実体→みたい・実名→みめい
711	一気	いっき	0	v3 で不要（今の辞書でも単独では同じ読み）	いっき	いっき	
712	逃げ	にげ	-2000	v3 で不要（接続表の偏りの穴埋め）	にげげ	にげ	
713	試	ため	-1000	削除（巻き込み）	し	し	1字の裸登録。試験管→ため+げん+かん・試作品→ためさくひん
714	他が	ほかが	-20000	v3 で不要（今の辞書でも単独では同じ読み）	ほかが	ほかが	
715	他を	ほかを	-20000	v3 で不要（今の辞書でも単独では同じ読み）	ほかを	ほかを	
716	他に	ほかに	-20000	削除（重複）	たに	たに	同じ表層・読みの行が前にある
717	他の	ほかの	-20000	削除（重複）	たの	たの	同じ表層・読みの行が前にある
718	他は	ほかは	-20000	削除（重複）	たは	たは	同じ表層・読みの行が前にある
719	他も	ほかも	-20000	削除（重複）	ほかも	ほかも	同じ表層・読みの行が前にある
720	他と	ほかと	-20000	削除（重複）	たと	ほかと	同じ表層・読みの行が前にある
721	他で	ほかで	-20000	削除（重複）	ほかで	たで	同じ表層・読みの行が前にある
722	他へ	ほかへ	-20000	v3 で不要（今の辞書でも単独では同じ読み）	ほかへ	ほかへ	
723	他から	ほかから	-20000	v3 で不要（今の辞書でも単独では同じ読み）	ほかから	ほかから	
724	他まで	ほかまで	-20000	v3 でも必要	たまで	たまで	v3 の単独の読み: たまで
725	最終日	さいしゅうび	-2000	v3 でも必要	さいしゅうにち	さいしゅうにち	v3 の単独の読み: さいしゅうにち
726	重視	じゅうし	0	v3 で不要（今の辞書でも単独では同じ読み）	じゅうし	じゅうし	
727	勝つ	かつ	3000	v3 で不要（今の辞書でも単独では同じ読み）	かつ	かつ	
728	散歩中	さんぽちゅう	3000	v3 で不要（接続表の偏りの穴埋め）	さんぽじゅう	さんぽちゅう	
729	愛情深い	あいじょうぶかい	3000	v3 で不要（接続表の偏りの穴埋め）	あいなさけぶかい	あいじょうぶかい	
730	向	む	5000	削除（巻き込み）	むき	むき	動詞語幹の裸登録。v3 では活用形が入るので不要で、巻き込みだけが残る
731	出し合い	だしあい	3000	v3 で不要（今の辞書でも単独では同じ読み）	だしあい	だしあい	
732	表現	ひょうげん	-8000	v3 で不要（今の辞書でも単独では同じ読み）	ひょうげん	ひょうげん	
733	繋	つな	6000	削除（巻き込み）	つなぎ	つなぎ	動詞語幹の裸登録（同上）
734	場	ば	0	削除（巻き込み）	ば	ば	1字の裸登録（コスト0）。劇場→げきば・市場→しば・上場→うえば
735	力	りょく	3000	削除（巻き込み）	ちから	ちから	リョク の裸登録。力士→りょくし・力強く→りょくつよく・継続は力なり（チカラ の行と矛盾）
736	直結	ちょっけつ	-1000	v3 で不要（今の辞書でも単独では同じ読み）	ちょっけつ	ちょっけつ	
737	中	なか	-1000	v3 で不要（接続表の偏りの穴埋め）	ちゅう	なか	
738	試み	こころみ	3000	v3 で不要（今の辞書でも単独では同じ読み）	こころみ	こころみ	
739	使	つか	2000	削除（巻き込み）	し	し	1字の裸登録。遣唐使→けんとう+つか
740	風	ふう	3000	削除（巻き込み）	かぜ	かぜ	フウ の裸登録。同じ表層の カゼ の行と矛盾
741	田	た	8000	v3 で不要（接続表の偏りの穴埋め）	でん	た	
742	話している	はなしている	3000	v3 で不要（接続表の偏りの穴埋め）	はなししている	はなしている	
743	空気	くうき	-20000	v3 で不要（今の辞書でも単独では同じ読み）	くうき	くうき	
744	入る	はいる	5000	v3 で不要（今の辞書でも単独では同じ読み）	はいる	はいる	
745	城下町	じょうかまち	0	v3 で不要（今の辞書でも単独では同じ読み）	じょうかまち	じょうかまち	
746	役立って	やくだって	3000	v3 で不要（接続表の偏りの穴埋め）	やくりつって	やくだって	
747	山椒	さんしょう	3000	v3 でも必要	ざんしょう	ざんしょう	v3 の単独の読み: ざんしょう
748	会場	かいじょう	-8000	v3 で不要（今の辞書でも単独では同じ読み）	かいじょう	かいじょう	
749	実感	じっかん	-3000	v3 で不要（今の辞書でも単独では同じ読み）	じっかん	じっかん	
750	瞬い	またたい	4000	v3 でも必要	しばたたい	しばたたい	v3 の単独の読み: しばたたい
751	瞬く	またたく	4000	v3 でも必要	しばたたく	しばたたく	v3 の単独の読み: しばたたく
